timestamp,rpm,speed,coolant_temp,tps,maf,map,lub_oil_temp,fuel_pressure,coolant_pressure,status,score
1761857074,700.0,,81.6321865,,,,84.14416293,11.79092738,3.178980794,ANOMALIA,-0.18643857960292654
1761857075,876.0,,82.4457245,,,,77.64093415,16.19386556,2.464503704,ANOMALIA,-0.1389262367504407
1761857075,520.0,,79.64577667,,,,77.75226574,6.553146911,1.064346764,ANOMALIA,-0.11937866703630506
1761857075,473.0,,71.77462869,,,,74.12990715,19.51017166,3.727455362,ANOMALIA,-0.08452558903719476
1761857075,619.0,,87.00022538,,,,78.39698883,15.73887141,2.052251454,ANOMALIA,-0.08184975191693311
1761857075,1221.0,,75.66981801,,,,76.40115203,6.679230535,2.214250345,NORMAL,0.0017722701255487028
1761857075,716.0,,79.79241081,,,,83.64658857,5.312266428,2.46106708,ANOMALIA,-0.05931270224707852
1761857075,729.0,,71.67176056,,,,77.9212023,10.19112589,2.362998355,ANOMALIA,-0.033494031510331035
1761857075,845.0,,70.49602446,,,,76.30162614,3.638269304,3.525604418,NORMAL,0.0013481472268120909
1761857076,824.0,,85.14329731,,,,77.06652006,7.626214049,1.301032069,NORMAL,0.008810620338638109
1761857076,1230.0,,85.91987186,,,,77.40544243,10.83912838,1.830218693,NORMAL,0.0199065862680865
1761857076,538.0,,81.18079834,,,,80.18345308,7.694207979,2.083630083,NORMAL,0.006472734050738227
1761857077,1187.0,,84.96686866,,,,78.10229386,6.890093327,1.833391079,ANOMALIA,-0.0005539383346340188
1761857077,609.0,,75.57779077,,,,77.28064321,10.09296246,2.997150736,NORMAL,0.0013280392743266756
1761857077,606.0,,77.72570657,,,,75.17064423,5.489462544,1.913766899,NORMAL,0.002454217254917457
1761857077,382.0,,71.62384988,,,,77.00087426,7.77492339,2.727348376,NORMAL,0.01089625935180183
1761857077,560.0,,70.76525408,,,,77.18277677,11.73054823,1.832205746,NORMAL,0.010348434871520706
1761857077,767.0,,80.26551481,,,,84.92414335,7.496561998,1.432776233,NORMAL,0.010462489031403677
1761857078,838.0,,88.78397112,,,,77.25819595,4.159451141,2.141784028,NORMAL,0.009691739401742505
1761857078,495.0,,73.80702538,,,,77.26403305,7.376275793,3.090756713,NORMAL,0.011707447961150197
1761857078,1341.0,,78.88448943,,,,76.92653268,6.188480205,1.503297167,NORMAL,0.01905596162660217
1761857078,1249.0,,72.57039096,,,,76.83845869,6.245944552,4.145416104,NORMAL,0.028402282013498814
1761857078,699.0,,87.11526083,,,,76.91254155,7.332602592,1.312393529,NORMAL,0.030633679330203334
1761857078,436.0,,82.39599504,,,,77.81353697,7.43832958,2.342593832,NORMAL,0.028094801898560617
1761857078,885.0,,81.45093441,,,,77.22452173,6.352865126,2.356187698,NORMAL,0.030886755538333976
1761857079,583.0,,70.61435969,,,,76.22426128,6.146661107,1.627376493,NORMAL,0.035911112934699174
1761857079,773.0,,68.24275096,,,,73.98528303,6.890316204,3.393287895,NORMAL,0.049725753330912115
1761857079,796.0,,77.37975031,,,,83.33728981,5.398473736,1.846249309,NORMAL,0.05302428987142077
1761857079,591.0,,66.66709751,,,,76.00480045,7.860033003,2.781762808,NORMAL,0.052433275789664724
1761857079,455.0,,75.81192539,,,,80.60016369,13.97116025,2.448630195,NORMAL,0.04753257309244552
1761857079,1053.0,,75.98157237,,,,75.84209778,4.212193982,4.705473891,NORMAL,0.049958822564214134
1761857079,646.0,,86.28989581,,,,75.20562731,8.454512251,3.033518045,NORMAL,0.06455269324164375
1761857080,799.0,,74.08360477,,,,77.57523258,12.31190941,3.168087939,NORMAL,0.05290282135123092
1761857080,1348.0,,81.49140597,,,,84.47375281,7.286885806,1.463265044,NORMAL,0.09362262748723293
1761857080,635.0,,68.40312615,,,,76.35883025,6.629578742,2.021019903,NORMAL,0.10565737555402377
1761857080,939.0,,83.99973769,,,,76.25914474,2.713572365,1.868092924,NORMAL,0.12072900292720479
1761857080,657.0,,87.19195786,,,,75.74857535,2.951999184,3.97608778,NORMAL,0.12896648398113636
1761857080,708.0,,76.9100848,,,,77.46225949,5.088072943,2.924952052,NORMAL,0.13810563511387552
1761857080,1007.0,,82.08852547,,,,76.9033516,4.77585741,2.045025408,NORMAL,0.13591366692609386
1761857081,773.0,,86.37386013,,,,75.85403748,7.745653511,4.534210375,NORMAL,0.13471917112333642
1761857081,1385.0,,85.38164882,,,,75.62032791,5.272285313,2.004513685,NORMAL,0.1384045208694185
1761857081,659.0,,75.76059821,,,,83.95811494,3.961213245,1.047239056,NORMAL,0.1520892986171175
1761857081,751.0,,90.4327609,,,,76.53348164,4.393172046,2.483414776,NORMAL,0.14520813880409267
1761857081,591.0,,81.32327912,,,,78.62024306,5.205312086,2.167501472,NORMAL,0.14846466257271507
1761857081,1046.0,,83.5552392,,,,77.70409464,6.288947858,1.117251809,NORMAL,0.1508579786835843
1761857081,829.0,,74.93880147,,,,86.45666983,6.108972885,2.285778328,NORMAL,0.15078001834239213
1761857082,961.0,,92.03931827,,,,76.04902198,6.910787425,2.226115809,NORMAL,0.131922436298697
1761857082,696.0,,82.65265028,,,,75.80494139,11.96971897,1.451358043,NORMAL,0.13694246548955524
1761857082,852.0,,72.33909464,,,,76.55381668,5.809203168,1.426231004,NORMAL,0.14858871620333275
1761857082,706.0,,74.89123081,,,,76.42277842,5.381253176,2.248736143,NORMAL,0.14804817826100047
1761857082,901.0,,83.60378363,,,,78.93005264,4.591213851,2.344017358,NORMAL,0.14060677154953322
1761857082,740.0,,80.6502174,,,,75.07103293,6.795506013,2.440095612,NORMAL,0.13484184029549223
1761857082,654.0,,67.14573182,,,,77.14450954,5.997907651,3.008774172,NORMAL,0.13358176512213732
1761857083,449.0,,82.14306828,,,,83.36067371,5.416653314,5.694339313,NORMAL,0.131639465793299
1761857083,779.0,,84.85805631,,,,77.1271708,13.7865859,1.026768907,NORMAL,0.13200127806342737
1761857083,1674.0,,74.64194049,,,,76.77232668,3.624157065,2.043074697,NORMAL,0.13820710083372806
1761857083,587.0,,75.38142282,,,,76.55724489,4.482940586,1.736345388,NORMAL,0.1409071215555841
1761857083,613.0,,80.92081946,,,,81.88824943,5.302400377,2.258727842,NORMAL,0.1376241680370781
1761857083,691.0,,71.61194572,,,,75.09283672,8.001884993,1.47437613,NORMAL,0.13792333354485498
1761857083,866.0,,77.64556961,,,,85.27476256,8.022555595,3.118126963,NORMAL,0.13444239640322786
1761857084,697.0,,86.72923729,,,,78.63404126,1.633776818,0.794513633,NORMAL,0.1185746437670494
1761857084,694.0,,69.68765833,,,,76.14288195,5.944093433,2.939865305,NORMAL,0.12955003445219676
1761857084,850.0,,86.94309762,,,,77.13097075,7.551966112,2.569235,NORMAL,0.11184347858641341
1761857084,849.0,,77.24474175,,,,77.72249932,11.56760565,2.64499179,NORMAL,0.13135664591053242
1761857084,938.0,,73.24920895,,,,76.09992716,7.414277238,4.478904102,NORMAL,0.1194311651766376
1761857084,458.0,,73.93579864,,,,77.08612355,5.224569371,3.099190097,NORMAL,0.13730773383979694
1761857084,878.0,,76.73559684,,,,75.83222046,2.537920871,1.050346611,NORMAL,0.14240175896790142
1761857084,513.0,,78.26979114,,,,75.70401543,5.183278841,3.365111616,NORMAL,0.14352033017036753
1761857085,590.0,,75.24973832,,,,83.66142859,6.650566706,2.850119322,NORMAL,0.14874524999219574
1761857085,893.0,,74.36295653,,,,75.80528798,6.62062814,1.567984372,NORMAL,0.15328757032104556
1761857085,748.0,,79.10691274,,,,75.18527534,5.715725479,5.261251561,NORMAL,0.14383767488901789
1761857085,805.0,,75.25512005,,,,74.71799504,17.5689917,1.746637573,NORMAL,0.14273309088054853
1761857085,563.0,,73.28979791,,,,77.18860576,3.501781507,1.55475179,NORMAL,0.14018473875783632
1761857085,976.0,,73.24670198,,,,76.30000531,3.180079643,1.1343329,NORMAL,0.13907919808142905
1761857085,643.0,,90.65796262,,,,84.03223687,5.833381401,1.79308827,NORMAL,0.14047212097132622
1761857086,864.0,,77.45752647,,,,85.24299314,3.891605672,1.399021488,NORMAL,0.13884948004215675
1761857086,1108.0,,77.42404684,,,,76.55715821,7.152263983,1.504648152,NORMAL,0.1267564689068651
1761857086,438.0,,67.52711961,,,,83.56868787,6.37782256,2.20302365,NORMAL,0.12161138837212881
1761857086,678.0,,91.52366524,,,,75.99473881,8.749673194,1.76373317,NORMAL,0.13507929085142023
1761857086,795.0,,68.68361693,,,,76.28480601,6.081633432,4.643738687,NORMAL,0.12179497453321186
1761857086,664.0,,84.56546386,,,,76.41286716,7.537095002,4.853973435,NORMAL,0.11307981975141568
1761857086,664.0,,79.34871611,,,,75.87882262,5.354230609,1.285504251,NORMAL,0.11071360599081459
1761857087,644.0,,74.8521655,,,,76.61413506,4.50773466,0.956631549,NORMAL,0.11439964739231512
1761857087,881.0,,75.28806355,,,,75.9503683,4.548771534,1.835620871,NORMAL,0.1349847293944741
1761857087,810.0,,78.265312,,,,78.36535699,6.488713782,2.274243458,NORMAL,0.13744019268021052
1761857087,1107.0,,68.42245246,,,,74.90104565,6.131345823,1.738025184,NORMAL,0.10291098558506206
1761857087,882.0,,85.45473634,,,,76.56105815,5.604364431,2.666664868,NORMAL,0.10898228398565107
1761857087,596.0,,76.6307949,,,,84.46371135,4.601446226,1.313461157,NORMAL,0.1030954156218758
1761857087,1776.0,,71.23378647,,,,76.48142055,5.873873853,1.318789889,NORMAL,0.13804686788351112
1761857088,1294.0,,72.18097953,,,,77.41460426,12.57025147,2.445931494,NORMAL,0.13428302044048568
1761857088,666.0,,68.13692194,,,,74.35555721,8.944874593,2.781627428,NORMAL,0.1346569001250703
1761857088,442.0,,83.67252996,,,,76.91038906,0.314028302,2.667828055,NORMAL,0.13498083443177122
1761857088,885.0,,82.26834396,,,,84.5215851,2.518659663,2.914546785,NORMAL,0.12684190293332293
1761857088,577.0,,72.33354093,,,,76.50266739,4.80558017,1.345729939,NORMAL,0.11679531343331284
1761857088,859.0,,83.01253723,,,,78.41384221,6.031276378,1.303366159,NORMAL,0.11792960910291578
1761857088,585.0,,70.61133989,,,,81.62466421,6.689133779,2.244056735,NORMAL,0.11398206410566875
1761857089,704.0,,88.93317269,,,,76.24817356,10.01271618,2.147507293,NORMAL,0.12839279718683105
1761857089,500.0,,82.79542312,,,,75.48801696,5.691030229,2.336999653,NORMAL,0.12840070688720767
1761857089,577.0,,76.50787132,,,,76.27309285,4.969334905,2.357237688,NORMAL,0.12974325472540965
1761857089,829.0,,79.24011618,,,,75.66222616,6.394026297,2.970531382,NORMAL,0.13675081364230918
1761857089,1281.0,,80.09425938,,,,77.38513218,4.66227032,1.607835565,NORMAL,0.11933119925868724
1761857089,762.0,,83.63761534,,,,76.9543318,4.854528255,1.37339073,NORMAL,0.09890078878330982
1761857089,1481.0,,93.79160853,,,,75.99768995,5.701679579,1.556111313,NORMAL,0.07388754155571281
1761857090,1224.0,,78.93874198,,,,82.98158331,5.869446739,1.721887631,NORMAL,0.07129256741681994
1761857090,1334.0,,73.76200938,,,,77.3176847,5.479429349,0.783004762,NORMAL,0.06841467609253182
1761857090,388.0,,75.48676565,,,,81.91163998,3.342019626,2.719029068,NORMAL,0.06993808510148897
1761857090,872.0,,66.64596447,,,,82.87267563,5.460596854,2.13097643,NORMAL,0.06086895811679954
1761857090,619.0,,70.88431369,,,,85.39266838,13.59343394,1.226316814,NORMAL,0.0821758697009865
1761857090,1661.0,,72.87272512,,,,76.72592091,11.80290181,2.951990975,NORMAL,0.05811635775593882
1761857090,654.0,,78.91487294,,,,74.80520693,15.34664402,1.367785037,NORMAL,0.055441417855634
1761857091,952.0,,82.01507128,,,,73.64641309,3.988143607,1.520395761,NORMAL,0.006657002942244916
1761857091,780.0,,72.34937949,,,,86.25077987,7.01528845,2.32493781,NORMAL,2.8776475569425308e-05
1761857091,658.0,,73.03823376,,,,83.97901049,4.397235113,1.696599595,ANOMALIA,-0.011865049457317589
1761857091,697.0,,87.29506389,,,,75.92381793,4.424065691,2.040593179,ANOMALIA,-0.007235609715583569
1761857091,797.0,,69.25287686,,,,75.58088756,6.770727394,1.913546863,ANOMALIA,-0.01605981481626395
1761857091,449.0,,80.48428177,,,,77.40213272,4.350933155,3.233813178,NORMAL,0.0073357088348439126
1761857091,565.0,,84.09232153,,,,74.40554427,7.313621357,3.249909601,NORMAL,0.027147589794392135
1761857092,690.0,,69.55042153,,,,85.02745829,5.130944387,1.520257474,NORMAL,0.014759244307188002
1761857092,618.0,,76.33779257,,,,75.27835546,6.17482569,0.942659534,NORMAL,0.06046187383417251
1761857092,495.0,,95.23455433,,,,80.94244115,4.667762436,3.060745005,NORMAL,0.050749748752945745
1761857092,833.0,,84.61243189,,,,75.26660366,5.047437283,2.300782809,NORMAL,0.04310258861304361
1761857092,764.0,,79.24111987,,,,77.33968211,4.979883117,2.900889021,NORMAL,0.06321496784015912
1761857092,721.0,,78.42414979,,,,76.79268294,5.367468376,2.289658856,NORMAL,0.0770901941071217
1761857092,739.0,,81.97742638,,,,74.38178011,5.915657484,1.020238959,NORMAL,0.07839146136243275
1761857093,989.0,,84.73935075,,,,76.80935697,3.189772186,1.571435972,NORMAL,0.07585525060207854
1761857093,668.0,,74.44268178,,,,77.36917123,6.477922753,1.839531573,NORMAL,0.08043268656974506
1761857093,1172.0,,76.71761855,,,,78.05237151,10.34829734,2.090401755,NORMAL,0.08387926840288612
1761857093,657.0,,79.1811119,,,,75.95077867,5.516645965,2.760213371,NORMAL,0.08763793313785206
1761857093,717.0,,88.17929158,,,,77.21903164,7.388977164,1.565634863,NORMAL,0.07346973390003947
1761857093,816.0,,76.29628594,,,,84.82589965,11.0586131,3.246944501,NORMAL,0.06548193320083662
1761857093,879.0,,75.81380982,,,,77.00119004,1.762921355,2.594185709,NORMAL,0.08072573240039482
1761857094,711.0,,72.2832804,,,,76.45694819,6.161167953,2.030553064,NORMAL,0.08145078119106797
1761857094,819.0,,74.14279512,,,,77.92618461,3.156032864,2.535270894,NORMAL,0.09934962306903566
1761857094,1411.0,,73.4067854,,,,75.51658876,5.411344521,1.40721433,NORMAL,0.10268237931557034
1761857094,970.0,,67.87844623,,,,76.39520179,0.435527221,1.175465155,NORMAL,0.0847398050340859
1761857094,990.0,,84.60349535,,,,76.13477379,5.973015356,1.643291631,NORMAL,0.08778475344388736
1761857094,1378.0,,70.4464103,,,,75.20653797,6.069563914,1.638058372,NORMAL,0.08874339007559195
1761857094,929.0,,75.88127461,,,,75.60880207,6.597364192,3.538679127,NORMAL,0.10317638548718283
1761857095,428.0,,90.81352924,,,,75.61926017,4.387232694,1.869855318,NORMAL,0.08719200403975591
1761857095,620.0,,88.27501249,,,,76.38122197,12.93603086,3.415524971,NORMAL,0.08924397605049983
1761857095,925.0,,86.71295042,,,,77.17481756,4.513433692,2.954845392,NORMAL,0.09309959733991097
1761857095,778.0,,76.60856745,,,,78.12447814,4.518810363,1.111431547,NORMAL,0.0796574089285812
1761857095,670.0,,77.18424715,,,,81.01274421,7.122014737,1.280185897,NORMAL,0.07575487098150391
1761857095,1620.0,,77.34005756,,,,75.163334,6.398304277,2.42389455,NORMAL,0.08134259474570243
1761857095,689.0,,73.24518703,,,,79.5628642,9.308475785,1.080504064,NORMAL,0.09816554172732211
1761857096,1321.0,,81.09922246,,,,76.53906217,5.216484442,1.188789089,NORMAL,0.07798005041360323
1761857096,638.0,,69.90564495,,,,76.64167976,1.725983559,2.558749129,NORMAL,0.06362444057684963
1761857096,483.0,,82.57104873,,,,78.21619313,5.710811204,2.251067417,NORMAL,0.05371752826432197
1761857096,644.0,,81.5890252,,,,76.44382393,3.506100743,1.867200429,NORMAL,0.050162200189872996
1761857096,801.0,,81.79433362,,,,77.50001132,2.003887133,3.282646158,NORMAL,0.04016294158254824
1761857096,544.0,,76.82470527,,,,77.52426394,4.936852212,2.54860082,NORMAL,0.045405631119992074
1761857096,775.0,,78.97526317,,,,81.79182907,7.745768318,4.080837192,NORMAL,0.06692579749080418
1761857097,965.0,,73.32716002,,,,78.24339773,2.278427726,1.297099836,NORMAL,0.05775814058993156
1761857097,970.0,,83.01734637,,,,77.40082166,4.268880965,2.530169065,NORMAL,0.04640695388268634
1761857097,692.0,,77.82467748,,,,77.41321276,7.049257954,1.909216319,NORMAL,0.06061400412837609
1761857097,600.0,,71.34965289,,,,78.47903376,5.478032067,1.96596001,NORMAL,0.06164485952157761
1761857097,598.0,,72.89761524,,,,77.88649193,8.209485195,2.45216096,NORMAL,0.06560207711970151
1761857097,1694.0,,75.50529886,,,,75.68910669,11.07112555,2.174929866,NORMAL,0.03998786845987412
1761857097,719.0,,77.90499174,,,,77.11806415,4.936960388,2.651179204,NORMAL,0.03374516701333641
1761857098,843.0,,89.9549671,,,,82.92946885,6.3659421,1.739462748,NORMAL,0.025979087705909287
1761857098,1121.0,,73.47771439,,,,77.00610408,6.00338822,3.120429791,NORMAL,0.02807910900559596
1761857098,501.0,,63.97067607,,,,76.78483587,4.47831813,1.637320865,NORMAL,0.016719215714836033
1761857098,779.0,,69.48116684,,,,75.87969903,7.808329661,1.541833657,NORMAL,0.018824923390545645
1761857098,861.0,,88.91946405,,,,75.84301896,6.829980847,2.286770681,NORMAL,0.038926337662853305
1761857098,780.0,,77.66175843,,,,75.475542,4.770536201,1.408910574,NORMAL,0.05637463989748831
1761857098,623.0,,79.26689652,,,,83.23664854,4.46618155,1.248517552,NORMAL,0.06640067871820315
1761857099,808.0,,87.86718373,,,,78.16278946,6.125850519,2.744537342,NORMAL,0.07791512616410046
1761857099,1074.0,,78.73236134,,,,75.35410921,10.96807602,1.625575161,NORMAL,0.0792591334024948
1761857099,740.0,,76.2781772,,,,81.96455459,3.683837544,2.124681329,NORMAL,0.09184161587860395
1761857099,800.0,,70.31626348,,,,83.51191683,6.841369399,1.655518342,NORMAL,0.06196001860256051
1761857099,763.0,,86.97513439,,,,77.59759118,4.759057395,1.724618736,NORMAL,0.0592344707206689
1761857099,735.0,,81.0644829,,,,76.68178035,1.753670802,2.772469577,NORMAL,0.06581594361226822
1761857099,474.0,,86.25552489,,,,86.59158833,9.212597586,0.76771055,NORMAL,0.07856144907885798
1761857100,666.0,,86.38672994,,,,76.31671718,5.17202472,0.262600613,NORMAL,0.08210845963484004
1761857100,858.0,,85.45312207,,,,80.60320127,12.21937836,1.114087748,NORMAL,0.08082572360214052
1761857100,819.0,,68.0609734,,,,74.87857891,8.280937231,2.355673709,NORMAL,0.08937452430392889
1761857100,399.0,,75.47314341,,,,75.81905079,12.08420404,1.976504482,NORMAL,0.10685309301104062
1761857100,1030.0,,71.28515292,,,,76.54294245,7.902835964,2.038030342,NORMAL,0.10734306127521742
1761857100,620.0,,86.91208597,,,,77.80023973,3.33418469,1.042336434,NORMAL,0.10044614378804412
1761857100,1459.0,,84.21268905,,,,77.97271433,14.86966956,1.745653813,NORMAL,0.08758359330212806
1761857100,913.0,,70.21188544,,,,78.06472222,3.160604993,2.805944002,NORMAL,0.08148197806935709
1761857101,593.0,,74.51319051,,,,77.34780683,6.135191403,1.211968063,NORMAL,0.047904490992080384
1761857101,391.0,,74.32658699,,,,76.09983844,10.82307721,1.632910991,NORMAL,0.05354282026415108
1761857101,718.0,,77.05350991,,,,75.12708362,2.938806158,3.194436139,NORMAL,0.06319928927525215
1761857101,626.0,,83.51737827,,,,78.60073324,6.296280956,2.758977449,NORMAL,0.07221870660247015
1761857101,1058.0,,79.06874769,,,,81.92085432,5.740930511,2.244358497,NORMAL,0.0744762993558063
1761857101,805.0,,82.36303583,,,,81.94656804,6.697597147,0.155649761,NORMAL,0.07178181875631662
1761857101,794.0,,84.4368073,,,,82.19162577,8.134557547,2.057678451,NORMAL,0.05508250349155325
1761857102,963.0,,75.41650773,,,,77.36978827,7.155380363,6.151323455,NORMAL,0.07481963223074983
1761857102,895.0,,81.31894986,,,,76.06546036,5.626424687,2.444182626,NORMAL,0.09927929275694969
1761857102,562.0,,84.06245114,,,,73.76683309,8.619020303,2.668799226,NORMAL,0.09698963167686864
1761857102,924.0,,72.25480208,,,,76.62563683,8.331432367,1.175183395,NORMAL,0.09315703656114716
1761857102,535.0,,74.11808511,,,,81.76736141,4.412681253,2.327189854,NORMAL,0.09704966987088098
1761857102,636.0,,73.32198505,,,,78.52841211,6.981595773,1.517036249,NORMAL,0.09206113319116738
1761857102,896.0,,79.07773315,,,,78.35161146,5.106726664,4.868988253,NORMAL,0.09752453605344696
1761857103,1256.0,,83.42495911,,,,77.79832927,5.620646088,2.507053699,NORMAL,0.1108273678108162
1761857103,1334.0,,81.27620476,,,,79.92586546,6.62564613,1.109298619,NORMAL,0.09948742550039541
1761857103,911.0,,77.9019753,,,,77.3200312,7.939205502,2.869245424,NORMAL,0.10093561832193321
1761857103,1435.0,,90.04585756,,,,76.19896602,8.572543197,2.309843193,NORMAL,0.10814978254364521
1761857103,761.0,,70.42744757,,,,75.93628293,5.35965649,1.638043005,NORMAL,0.11422848025920901
1761857103,1366.0,,78.23179043,,,,80.92530049,5.54838358,2.258294895,NORMAL,0.10326336691134536
1761857103,552.0,,88.0874394,,,,77.77133679,4.786406401,3.747532148,NORMAL,0.10279101893182452
1761857104,701.0,,77.33280416,,,,76.37243677,2.875460079,1.531374512,NORMAL,0.10036359757772123
1761857104,710.0,,71.0751473,,,,73.81037555,16.16594997,2.560724337,NORMAL,0.09686515874458546
1761857104,881.0,,86.22380009,,,,73.63149225,1.823706738,2.611214434,NORMAL,0.11764079320128512
1761857104,388.0,,70.63155778,,,,81.94628375,12.82881802,1.517932149,NORMAL,0.10691362221795991
1761857104,737.0,,70.89634298,,,,77.61340829,5.908824889,1.831711407,NORMAL,0.1131398965943633
1761857104,669.0,,74.31645252,,,,74.14268768,3.812912441,3.056460265,NORMAL,0.12154368640144603
1761857104,663.0,,76.51287375,,,,73.86854525,2.923399719,2.102534969,NORMAL,0.124148254306709
1761857105,1033.0,,82.95607829,,,,77.61406156,6.051614999,2.186849669,NORMAL,0.1374497760314501
1761857105,544.0,,94.07309357,,,,75.71054384,4.292368074,4.914337108,NORMAL,0.14337708906054386
1761857105,502.0,,78.07530236,,,,74.59122052,5.187412552,2.301391796,NORMAL,0.14351640556650141
1761857105,1000.0,,89.73362683,,,,75.61763641,3.809594953,2.263667878,NORMAL,0.12668209256466212
1761857105,1154.0,,78.13854997,,,,82.15168618,1.999086201,1.277658326,NORMAL,0.12292798475939792
1761857105,801.0,,84.46720455,,,,74.87079172,10.62407743,2.028256825,NORMAL,0.12261996909425094
1761857105,665.0,,82.51709283,,,,77.411579,4.99443944,1.779222159,NORMAL,0.11860266468528369
1761857106,963.0,,83.34901283,,,,76.23397889,4.713369672,1.817198766,NORMAL,0.10951238260937818
1761857106,582.0,,87.89711135,,,,77.5824004,10.29785707,4.251674202,NORMAL,0.09606991134894566
1761857106,481.0,,81.3657434,,,,78.30909627,8.721202436,2.212565165,NORMAL,0.1046349965606358
1761857106,537.0,,84.39419559,,,,77.56512708,5.235084955,3.500016983,NORMAL,0.10259915964464877
1761857106,904.0,,81.59382536,,,,77.89293307,7.532629711,1.351027396,NORMAL,0.10073658476364705
1761857106,739.0,,77.65847196,,,,77.74944294,6.902708899,1.322024431,NORMAL,0.10190611183419201
1761857106,1331.0,,74.45206159,,,,83.73460583,3.231521189,2.080049324,NORMAL,0.10213989704610948
1761857107,536.0,,85.26739442,,,,84.55627801,7.415393795,2.544380421,NORMAL,0.10547889301681318
1761857107,512.0,,69.17384119,,,,75.92649733,6.384516498,1.759595224,NORMAL,0.10436018697346527
1761857107,1046.0,,67.40503794,,,,79.56981266,5.904739463,2.59087353,NORMAL,0.12135708619026275
1761857107,630.0,,77.72833586,,,,74.46290377,7.043989472,2.798201015,NORMAL,0.12787140985981477
1761857107,530.0,,72.06043302,,,,76.47265978,7.371770259,3.304200119,NORMAL,0.12381241231987333
1761857107,709.0,,85.68049186,,,,75.82708769,7.388941976,2.659268414,NORMAL,0.1263502946962699
1761857107,501.0,,83.31447358,,,,77.08120593,6.562203857,2.273539013,NORMAL,0.1208188991308784
1761857108,1286.0,,71.8645535,,,,77.36771884,3.826147648,3.254757157,NORMAL,0.11200506866279336
1761857108,524.0,,68.35636908,,,,79.28166436,8.185101829,1.864353329,NORMAL,0.12542117965349703
1761857108,980.0,,80.01259821,,,,76.79780933,9.049000477,1.02072074,NORMAL,0.13482028008537078
1761857108,571.0,,69.89012285,,,,76.31956202,7.634627697,2.680775148,NORMAL,0.13082889295187394
1761857108,541.0,,86.09074175,,,,76.65431812,6.35737297,1.723225484,NORMAL,0.12462754171404095
1761857108,422.0,,71.52253542,,,,77.1760091,9.509489124,1.308560751,NORMAL,0.11569028468700804
1761857108,430.0,,77.06680054,,,,77.58549323,5.465012499,3.322512546,NORMAL,0.11586201780464028
1761857109,778.0,,93.59854514,,,,76.96896917,3.484873143,4.932171294,NORMAL,0.09725491295211347
1761857109,861.0,,66.76317808,,,,85.25899559,4.493413967,3.052897981,NORMAL,0.09152585201870672
1761857109,801.0,,84.06258244,,,,81.39952372,5.800132136,1.122829918,NORMAL,0.08974250584918947
1761857109,588.0,,73.37826669,,,,75.67549622,6.519157307,1.870973735,NORMAL,0.11549022880631699
1761857109,709.0,,80.21703813,,,,75.93220451,5.204610104,2.546201765,NORMAL,0.11663812383705008
1761857109,1161.0,,74.67580475,,,,75.42774511,4.313888583,1.856955376,NORMAL,0.1252421043630017
1761857109,1509.0,,90.13896995,,,,75.30299588,5.066364734,1.215184528,NORMAL,0.11791161720796617
1761857110,805.0,,86.04908446,,,,76.68551918,3.327082866,2.911210625,NORMAL,0.10650211136743759
1761857110,655.0,,78.80529701,,,,81.70732285,8.471903672,3.378533434,NORMAL,0.10860742607821472
1761857110,517.0,,80.05967356,,,,75.52423805,5.210714194,2.781936729,NORMAL,0.10067097044636758
1761857110,591.0,,83.91410103,,,,78.49083331,4.070511474,1.812845755,NORMAL,0.09998559648343813
1761857110,696.0,,83.36132238,,,,77.59272421,6.976635097,2.645536607,NORMAL,0.0976804992716791
1761857110,780.0,,75.52746711,,,,74.99287021,5.25603517,2.114896407,NORMAL,0.1048461831214938
1761857110,866.0,,67.33672702,,,,74.8821863,5.766891163,2.12715587,NORMAL,0.09149980913383149
1761857111,749.0,,88.64465041,,,,76.55675054,6.224741423,1.830673611,NORMAL,0.08141003508973316
1761857111,1040.0,,78.22876958,,,,77.64123326,4.027048735,2.310443897,NORMAL,0.06499471826833159
1761857111,1327.0,,72.36174151,,,,87.54407157,5.781094109,2.286023079,NORMAL,0.07962532681301249
1761857111,482.0,,75.72898029,,,,77.5420809,6.791549905,1.694399697,NORMAL,0.09001057484637587
1761857111,1128.0,,71.66781046,,,,77.66240902,8.674373081,1.455921571,NORMAL,0.10216825456871553
1761857111,823.0,,71.09794903,,,,75.66364503,10.61133234,3.108060926,NORMAL,0.11495626775197165
1761857111,481.0,,79.7703121,,,,76.51218219,6.414769892,2.62245543,NORMAL,0.11239931232278383
1761857112,715.0,,87.90080895,,,,76.86964175,6.977153879,3.127147077,NORMAL,0.10890064146725936
1761857112,777.0,,90.10934981,,,,77.3427578,5.310217663,1.92796711,NORMAL,0.09971316853001683
1761857112,489.0,,72.27827768,,,,75.41804088,9.22885607,1.440676698,NORMAL,0.10654451775154977
1761857112,2143.0,,72.49846715,,,,74.38747862,5.925107221,1.680421141,NORMAL,0.05674488650496917
1761857112,546.0,,76.39858175,,,,74.44467104,3.735397979,1.739177599,NORMAL,0.049266426524586515
1761857112,997.0,,81.28544233,,,,84.13125189,6.087603739,1.996547469,NORMAL,0.04641395455492309
1761857112,840.0,,85.87196062,,,,77.62074556,5.910935982,2.867046316,NORMAL,0.05140925875572433
1761857113,885.0,,82.99573444,,,,78.01662549,6.281356915,1.306826289,NORMAL,0.042573072070983486
1761857113,897.0,,81.00984162,,,,77.44752392,4.636446543,2.362026558,NORMAL,0.040328174375044434
1761857113,983.0,,85.32117413,,,,80.39118402,6.521835644,3.415522659,NORMAL,0.033270658416535315
1761857113,722.0,,83.61454428,,,,77.32992076,2.813665785,1.621221584,NORMAL,0.029936529227501785
1761857113,1067.0,,77.04324442,,,,77.35028763,4.109890158,2.596118485,NORMAL,0.01868055486460818
1761857113,542.0,,82.56585805,,,,77.8476894,8.099125506,1.634836672,NORMAL,0.01891967530851213
1761857114,691.0,,79.69139668,,,,76.10441351,5.681365047,0.413226196,NORMAL,0.0223053047275944
1761857114,499.0,,69.62034279,,,,75.09981779,8.795584313,7.478504946,NORMAL,0.07085739968567845
1761857114,973.0,,81.04747923,,,,74.68796365,4.873722624,0.951156685,NORMAL,0.08755618881780775
1761857114,946.0,,79.40818217,,,,77.63406592,6.707001242,4.278407392,NORMAL,0.08896690542748653
1761857114,594.0,,72.33769303,,,,74.7189057,5.785647553,2.620107064,NORMAL,0.08009862412964464
1761857114,976.0,,73.16137196,,,,81.15031266,4.262822449,3.320656003,NORMAL,0.08535694127788468
1761857114,572.0,,83.12086873,,,,77.22501746,6.432936316,2.668228874,NORMAL,0.08975226110529172
1761857115,621.0,,89.36292788,,,,77.5550223,1.170841376,2.347319063,NORMAL,0.08251494478911753
1761857115,1235.0,,66.61064249,,,,85.93315531,5.589505083,2.756010986,NORMAL,0.07091481638499542
1761857115,1007.0,,74.53677104,,,,74.80680614,7.097336389,4.006331779,NORMAL,0.0725083396331268
1761857115,569.0,,84.20029673,,,,76.07792719,8.260608254,2.78801616,NORMAL,0.07771185689891397
1761857115,923.0,,73.81682768,,,,77.4185536,5.9397089,4.128663109,NORMAL,0.0793122941372359
1761857115,654.0,,84.51594621,,,,78.20383921,6.338459494,3.438980783,NORMAL,0.07600048147197419
1761857115,1032.0,,84.18781183,,,,84.38738912,0.802338474,1.484003364,NORMAL,0.08913520314087259
1761857116,768.0,,74.76368522,,,,76.45760825,8.669401284,1.477826486,NORMAL,0.08830995156406074
1761857116,1041.0,,75.81781182,,,,75.80007221,5.166483134,1.005668985,NORMAL,0.07345034040029963
1761857116,647.0,,70.52732732,,,,77.09138972,8.270053285,3.066045636,NORMAL,0.07894670059949088
1761857116,500.0,,67.5225927,,,,82.93238211,13.96014886,3.026601004,NORMAL,0.10327973062873774
1761857116,412.0,,89.79459079,,,,76.0441276,4.36654156,5.385198222,NORMAL,0.07796305281156768
1761857116,549.0,,79.19694687,,,,79.73734362,5.72738184,1.942505323,NORMAL,0.06210843337412286
1761857116,1031.0,,69.20891404,,,,77.41626471,4.167830604,2.726957259,NORMAL,0.07647473735420574
1761857116,790.0,,69.0106841,,,,81.43625602,8.891062982,3.31138837,NORMAL,0.055555021420117034
1761857117,1032.0,,70.36320683,,,,75.70625148,8.270690131,2.676869126,NORMAL,0.056778085243300136
1761857117,924.0,,75.7992831,,,,76.56397175,6.835463353,2.062347386,NORMAL,0.06734191307051635
1761857117,499.0,,67.97268081,,,,75.92423307,6.676767864,2.152286883,NORMAL,0.0662323486111932
1761857117,544.0,,66.89852737,,,,77.11855499,4.029156016,2.296087141,NORMAL,0.06049236277136527
1761857117,505.0,,85.77671551,,,,82.0680808,6.603779859,1.929350027,NORMAL,0.0634904442729246
1761857117,885.0,,86.77722259,,,,81.04656257,7.628478897,2.919921011,NORMAL,0.06304669874156571
1761857117,882.0,,76.36820161,,,,76.15327875,3.925168842,2.210078633,NORMAL,0.06133846172063889
1761857118,936.0,,77.45324168,,,,77.76732805,5.477091915,1.363026625,NORMAL,0.05637801233979389
1761857118,788.0,,85.35587049,,,,74.62605528,3.310953735,1.945210006,NORMAL,0.059365477182612425
1761857118,610.0,,82.760357,,,,76.75480669,3.987396883,3.701799793,NORMAL,0.08394904557038041
1761857118,428.0,,81.1544641,,,,79.05349107,6.124861525,1.135874698,NORMAL,0.08701666290532545
1761857118,738.0,,80.61457378,,,,74.64100054,6.593811189,2.20141551,NORMAL,0.09505250559635947
1761857118,517.0,,79.63173554,,,,77.75789942,4.534602727,2.851049588,NORMAL,0.09510421217203102
1761857118,667.0,,71.6945578,,,,78.38363986,5.834819421,2.038694957,NORMAL,0.09708883402698593
1761857119,554.0,,80.36764896,,,,77.04629608,9.34525279,2.797016163,NORMAL,0.10062783682117643
1761857119,586.0,,75.87484055,,,,82.49132521,6.722774867,2.732387526,NORMAL,0.1035890168514969
1761857119,957.0,,84.53968777,,,,76.01892631,6.208948057,2.545857494,NORMAL,0.10359959684998327
1761857119,648.0,,90.57875638,,,,81.28162848,7.745250072,1.627197865,NORMAL,0.09406389852635133
1761857119,1009.0,,87.00739224,,,,82.5224274,7.459583237,3.038278547,NORMAL,0.0993736700440605
1761857119,629.0,,91.76116725,,,,82.33275985,7.120917667,2.456310435,NORMAL,0.07463517229194949
1761857119,915.0,,89.25638403,,,,84.61274189,5.455346274,2.498977717,NORMAL,0.058793851119835205
1761857120,371.0,,75.32020664,,,,74.84327152,5.07480778,1.900460601,NORMAL,0.06907259167545526
1761857120,898.0,,85.01525963,,,,81.31174434,13.58341972,1.242296723,NORMAL,0.07132131795509089
1761857120,495.0,,78.52609268,,,,76.48639841,4.438543557,1.428871405,NORMAL,0.0470625730408466
1761857120,914.0,,92.17334001,,,,85.09802601,4.453000127,2.676788188,NORMAL,0.012852859940152395
1761857120,1168.0,,87.18967365,,,,78.15795681,3.894231096,1.842436594,NORMAL,0.035338058816096085
1761857120,707.0,,70.69068079,,,,85.86741582,4.488514571,2.391427213,ANOMALIA,-0.0047905842837621115
1761857120,574.0,,72.68553301,,,,76.34289433,8.334916112,4.187982181,NORMAL,0.01122410588950118
1761857121,717.0,,73.92178589,,,,74.95213012,2.569573628,1.283312146,NORMAL,0.02514678342028709
1761857121,496.0,,82.93016446,,,,76.18925782,15.46040695,2.552628819,NORMAL,0.029702412136774714
1761857121,1111.0,,72.26123278,,,,76.78164974,7.195431409,1.435878782,NORMAL,0.033933545215669825
1761857121,566.0,,79.60322619,,,,75.11438576,7.214433356,1.777656894,NORMAL,0.029404622737878028
1761857121,708.0,,81.34916224,,,,78.56240642,5.068812985,2.995721818,NORMAL,0.03618301990392969
1761857121,1537.0,,65.21637383,,,,77.65303258,5.902650249,1.895764475,NORMAL,0.058834424371751404
1761857121,1201.0,,77.04940719,,,,76.2818507,8.118579755,0.725781644,NORMAL,0.08899258109128788
1761857122,587.0,,75.67201637,,,,78.19983715,8.095783075,1.057100254,NORMAL,0.0974308281690715
1761857122,690.0,,68.75585102,,,,73.41157905,6.208755232,2.250550879,NORMAL,0.10036923225576949
1761857122,397.0,,77.6714575,,,,77.4338282,11.44139542,1.161446823,NORMAL,0.09713823536363292
1761857122,940.0,,77.65910446,,,,83.42970187,5.036528615,1.534481903,NORMAL,0.08326898321199522
1761857122,527.0,,77.12542123,,,,75.83481351,7.484247583,2.695506931,NORMAL,0.07407641029463091
1761857122,679.0,,86.30884451,,,,86.1320727,7.880442478,0.989406989,NORMAL,0.04505191142798415
1761857122,563.0,,71.90576023,,,,76.66796713,1.567822839,2.826844248,NORMAL,0.043062941826382706
1761857123,680.0,,70.72586474,,,,75.56262439,6.19247068,1.544709709,NORMAL,0.04698483296366768
1761857123,647.0,,81.35064409,,,,76.16884442,7.882033072,1.681084366,NORMAL,0.053059393726313964
1761857123,739.0,,66.33515106,,,,82.20953109,8.951781472,1.622521984,NORMAL,0.021804090212557914
1761857123,1126.0,,81.58904554,,,,75.29368513,3.422696977,2.049038553,NORMAL,0.04774084445188942
1761857123,1145.0,,71.00266913,,,,74.06224887,5.686701371,2.96589891,NORMAL,0.056989369029629644
1761857123,616.0,,87.28599213,,,,77.36287654,5.175949281,1.534142949,NORMAL,0.07500891032343976
1761857123,845.0,,86.06718086,,,,76.41089699,7.825719783,1.560637789,NORMAL,0.07376691074154146
1761857124,496.0,,85.73009872,,,,74.58859679,6.77725727,2.576025082,NORMAL,0.08546992025361871
1761857124,380.0,,81.82903054,,,,77.90534967,6.411880481,3.040397864,NORMAL,0.091123284447024
1761857124,887.0,,81.34195555,,,,77.35288294,9.062877545,3.330726218,NORMAL,0.11270318973014826
1761857124,1179.0,,71.43085438,,,,75.67839738,6.162965271,0.736781032,NORMAL,0.11296940627981039
1761857124,565.0,,79.31081993,,,,76.51212534,14.47957576,3.026680688,NORMAL,0.11710979282186379
1761857124,1089.0,,74.78036457,,,,75.95855978,13.376654,2.219507717,NORMAL,0.10498454063199597
1761857124,675.0,,82.77298049,,,,76.67654183,3.520088933,2.079198375,NORMAL,0.10732070172510283
1761857125,534.0,,76.08016384,,,,76.20939618,6.387971676,3.210711543,NORMAL,0.10194787736448907
1761857125,1297.0,,72.3863118,,,,77.83313998,3.442698113,1.277926224,NORMAL,0.08631018247245825
1761857125,619.0,,88.3346158,,,,79.78197425,8.247605371,2.511699413,NORMAL,0.09192534728201412
1761857125,614.0,,79.78834057,,,,76.91387287,3.654726062,2.284569489,NORMAL,0.10465277582446308
1761857125,935.0,,75.19104566,,,,76.02807204,5.480947786,3.19790943,NORMAL,0.11899610367932978
1761857125,792.0,,68.95849789,,,,75.32856355,6.1445404,0.735619185,NORMAL,0.11034865613360778
1761857125,971.0,,73.42432407,,,,77.25420533,6.670373082,1.895137372,NORMAL,0.09663108762457145
1761857126,639.0,,80.65363376,,,,74.88782749,4.721771294,1.417380224,NORMAL,0.10735933704708711
1761857126,1008.0,,66.9709354,,,,72.98607904,9.541675103,1.27546244,NORMAL,0.09976159711616478
1761857126,1013.0,,71.47839754,,,,74.78587681,8.349537852,2.272053348,NORMAL,0.09687541486347034
1761857126,626.0,,72.52736741,,,,86.71948305,6.20352397,2.540162503,NORMAL,0.11910215870706636
1761857126,672.0,,74.61167005,,,,76.06702978,6.169548912,3.170248023,NORMAL,0.12035551339226191
1761857126,1583.0,,82.43852034,,,,82.01243363,6.0831389,2.781231617,NORMAL,0.12967868491065265
1761857126,872.0,,81.08317531,,,,77.82973994,7.33699729,1.631873479,NORMAL,0.12868346760440547
1761857127,722.0,,77.95609224,,,,77.85182088,6.150237921,4.854586184,NORMAL,0.13133320062394782
1761857127,1185.0,,67.80543559,,,,83.60575208,4.745544577,1.544882328,NORMAL,0.12750687074819161
1761857127,405.0,,70.06387003,,,,76.68874762,5.171750586,1.636251072,NORMAL,0.12929933405954008
1761857127,1086.0,,82.62726219,,,,77.04368528,3.765344712,1.811358686,NORMAL,0.13232554132211533
1761857127,752.0,,85.00367249,,,,77.21227745,5.365836692,2.682838542,NORMAL,0.13734100014691958
1761857127,854.0,,70.13915142,,,,83.98789429,10.27598283,1.610027008,NORMAL,0.1392135391894102
1761857127,938.0,,68.90939994,,,,81.54483964,6.109775368,1.444430617,NORMAL,0.13829171680589025
1761857128,1103.0,,74.89609101,,,,77.02291552,7.848660723,3.064995766,NORMAL,0.1303866351053366
1761857128,775.0,,70.96918025,,,,74.87528886,6.825079541,1.142140514,NORMAL,0.11726016414058926
1761857128,1048.0,,80.49122825,,,,82.1328633,7.099990708,3.768879364,NORMAL,0.10274258234592493
1761857128,908.0,,77.37121538,,,,81.6329511,4.897281715,2.225713178,NORMAL,0.08376773579280261
1761857128,711.0,,87.93355551,,,,85.74238726,7.959514618,2.135120524,NORMAL,0.08316095859627926
1761857128,367.0,,72.21062605,,,,75.49990447,4.256093122,1.603433779,NORMAL,0.10235829803472735
1761857128,834.0,,72.9241561,,,,88.60273387,3.652050151,1.955598594,NORMAL,0.04922629764225139
1761857129,512.0,,75.07329256,,,,80.84318484,6.619944062,1.158087783,NORMAL,0.008605321578140646
1761857129,496.0,,81.78973153,,,,86.34149912,7.044184329,1.43484187,ANOMALIA,-0.021236275735472376
1761857129,956.0,,79.43480476,,,,76.75962719,4.666259575,1.299379346,ANOMALIA,-0.02944814690337849
1761857129,822.0,,83.38450257,,,,77.75719729,3.570197337,1.795399718,ANOMALIA,-0.00648850789345623
1761857129,468.0,,82.89547708,,,,79.85779688,7.339342575,1.333240965,ANOMALIA,-0.02586604200801268
1761857129,716.0,,91.62960872,,,,75.36607032,7.098555583,1.367217072,ANOMALIA,-0.006873073970538712
1761857129,607.0,,67.44994677,,,,77.96952283,7.188208573,0.996438857,ANOMALIA,-0.01920232332289873
1761857129,805.0,,76.28472096,,,,76.68654698,11.76667358,1.769592947,NORMAL,0.005259304669298359
1761857130,482.0,,85.99130471,,,,76.43028872,7.348635037,3.410127161,NORMAL,0.017792695675028836
1761857130,649.0,,79.68615571,,,,78.65628124,4.496855883,2.401344673,NORMAL,0.02539149478083358
1761857130,491.0,,81.06015251,,,,77.8866752,6.243481895,0.893448511,NORMAL,0.031424067321695115
1761857130,1363.0,,89.77546423,,,,84.85299611,4.376828199,5.052523359,NORMAL,0.04018927122739696
1761857130,934.0,,74.58541843,,,,74.84466195,6.937541795,1.292789211,NORMAL,0.03659505897985188
1761857130,1288.0,,82.00165777,,,,76.41165191,13.27609129,3.230853645,NORMAL,0.048312910919948104
1761857130,950.0,,87.24483141,,,,77.72622706,13.11044077,2.616091599,NORMAL,0.05637997672541395
1761857131,635.0,,91.01856525,,,,75.87701368,10.17227075,5.517483928,NORMAL,0.04800967648599552
1761857131,709.0,,79.52450289,,,,76.89156158,7.343082196,2.037337711,NORMAL,0.04634209409835527
1761857131,521.0,,80.33262745,,,,75.58506168,7.056943341,2.418158245,NORMAL,0.06541778255843955
1761857131,786.0,,85.18110998,,,,78.42448991,11.26051884,2.502196729,NORMAL,0.059628478507598226
1761857131,448.0,,73.60070053,,,,83.96671616,7.219824274,3.218888274,NORMAL,0.04040849306896832
1761857131,518.0,,66.80763915,,,,82.57116137,8.248790385,2.914021317,NORMAL,0.03355177283031324
1761857131,540.0,,79.20035155,,,,74.59381393,3.831530994,2.944296059,NORMAL,0.05603517416548298
1761857132,561.0,,70.13353038,,,,77.68883641,9.53178914,2.78853329,NORMAL,0.059469906472230716
1761857132,812.0,,74.15727582,,,,77.87184264,3.923613952,1.4355975,NORMAL,0.06154201561432776
1761857132,779.0,,78.87864392,,,,76.15160876,5.687651246,1.433893617,NORMAL,0.06004929245734658
1761857132,556.0,,80.14592911,,,,78.41686489,5.618928186,1.668414199,NORMAL,0.05224647146482658
1761857132,1003.0,,77.92372203,,,,76.74198839,5.402622308,1.048219179,NORMAL,0.06467050380926798
1761857132,860.0,,88.94029409,,,,74.65427745,7.996621579,2.489548574,NORMAL,0.09697586586819396
1761857132,706.0,,81.83811437,,,,76.69952747,6.128531743,2.106175504,NORMAL,0.09658992183095072
1761857133,587.0,,81.72899229,,,,76.0947077,8.312614549,1.325188616,NORMAL,0.09223314687682121
1761857133,922.0,,87.35718483,,,,75.73914859,6.95568102,2.697845186,NORMAL,0.0994342294598764
1761857133,1011.0,,87.11665066,,,,75.85988697,0.451073145,1.72224853,NORMAL,0.09306414327783974
1761857133,758.0,,81.6880215,,,,81.76118045,1.226343206,1.015933556,NORMAL,0.0934277721775339
1761857133,583.0,,72.55138615,,,,78.3858597,5.294153093,1.85210759,NORMAL,0.09528458047067884
1761857133,397.0,,75.08744138,,,,76.09238802,5.737016106,0.98865443,NORMAL,0.09510790623415039
1761857133,966.0,,90.4870456,,,,77.3766384,8.061114245,1.087021379,NORMAL,0.09589283500660345
1761857134,583.0,,71.00004546,,,,77.78823497,3.788787607,1.21311947,NORMAL,0.09784795037898009
1761857134,662.0,,83.4730168,,,,78.22422824,4.49052052,1.301790037,NORMAL,0.09781901588157238
1761857134,790.0,,80.32402027,,,,87.57330929,9.162122911,2.048472916,NORMAL,0.10373511584642164
1761857134,519.0,,78.23946108,,,,76.40950921,4.980771683,2.603721045,NORMAL,0.10597859147535932
1761857134,489.0,,70.01327957,,,,75.31783229,7.325900916,3.128338251,NORMAL,0.12048837927905298
1761857134,526.0,,76.18677811,,,,82.01845964,13.13773173,2.500653952,NORMAL,0.10043176735944614
1761857134,604.0,,84.65657819,,,,75.87940895,6.852550497,1.79774938,NORMAL,0.08167403216161234
1761857135,1280.0,,77.46043378,,,,77.25404267,7.221169887,3.227294347,NORMAL,0.08826151821944234
1761857135,751.0,,75.30806542,,,,78.14970411,3.232059685,1.780487076,NORMAL,0.08517874198275588
1761857135,909.0,,73.73373418,,,,79.00222348,5.652577907,1.433371313,NORMAL,0.0733169174830583
1761857135,980.0,,65.19769951,,,,73.74935612,6.946913764,3.655490879,NORMAL,0.09821924576362939
1761857135,759.0,,85.9934161,,,,76.72128476,6.114424066,2.048741754,NORMAL,0.09311571935855845
1761857135,679.0,,77.74818146,,,,84.13806782,2.531894311,1.871692019,NORMAL,0.08086067826843601
1761857135,543.0,,88.0927524,,,,81.48294003,5.951917798,2.101911694,NORMAL,0.06516342637446726
1761857136,1320.0,,78.96310155,,,,80.53659431,6.779424739,2.422881861,NORMAL,0.0824558272876727
1761857136,663.0,,78.71224985,,,,75.92676164,5.44995519,0.983850392,NORMAL,0.06926988181314186
1761857136,701.0,,75.17982238,,,,83.47246393,5.957214017,3.986627195,NORMAL,0.07776111250770312
1761857136,569.0,,77.30948959,,,,74.5919155,4.458156197,2.400935815,NORMAL,0.08273213211019281
1761857136,975.0,,89.61064854,,,,81.85690884,3.436134987,1.413888889,NORMAL,0.07328611479278929
1761857136,523.0,,90.30814983,,,,78.42849102,6.639511551,2.150149092,NORMAL,0.060251876295950746
1761857136,761.0,,68.83460165,,,,75.90878459,7.514691591,1.50813992,NORMAL,0.06627060211551139
1761857137,904.0,,88.31969015,,,,75.8790468,7.780998684,1.711286576,NORMAL,0.0637889135904236
1761857137,1521.0,,76.17671097,,,,77.6763855,6.73725678,2.019259385,NORMAL,0.07543170015092066
1761857137,516.0,,72.43674572,,,,81.0532459,3.43391761,2.312806856,NORMAL,0.06485520878489698
1761857137,629.0,,74.95259259,,,,88.62279222,4.314284437,2.665642191,NORMAL,0.02815085911981341
1761857137,790.0,,83.73275861,,,,85.15694104,9.260903495,2.20711127,NORMAL,0.02473450644658981
1761857137,869.0,,78.79049062,,,,78.41106851,5.31025725,0.784706166,NORMAL,0.03936437456965869
1761857137,945.0,,75.43535683,,,,76.69807139,3.353950794,1.502761083,NORMAL,0.04736083004385816
1761857138,1223.0,,75.21818661,,,,74.16114253,5.65741539,3.278998978,NORMAL,0.05873077078979144
1761857138,1384.0,,86.34632501,,,,77.78951386,12.14284087,3.785984041,NORMAL,0.06918175488621109
1761857138,946.0,,64.58149398,,,,87.25092099,3.863066946,1.449658463,NORMAL,0.026948826392378722
1761857138,830.0,,80.32461847,,,,75.42491476,6.471500104,2.429485003,NORMAL,0.038057207084234046
1761857138,1124.0,,66.88456062,,,,75.13755147,1.813251616,1.799600588,NORMAL,0.05696609458443752
1761857138,823.0,,71.89963533,,,,76.70341299,2.919108164,2.97767107,NORMAL,0.045039655788355226
1761857138,710.0,,75.02954183,,,,76.44985252,6.530769571,2.855587169,NORMAL,0.044123924321136654
1761857139,628.0,,84.79508363,,,,76.11393027,6.671608398,2.586010835,NORMAL,0.049525628935572164
1761857139,840.0,,79.62446236,,,,83.44104638,5.26762219,2.09115582,NORMAL,0.017317342722792173
1761857139,569.0,,75.5320678,,,,76.10963977,7.633607685,3.286169701,NORMAL,0.03441511184546753
1761857139,496.0,,75.11678322,,,,76.19984659,7.724722874,2.341019239,NORMAL,0.04325698062019506
1761857139,615.0,,86.74351432,,,,74.8057878,1.28678917,1.585029704,NORMAL,0.05438443026299761
1761857139,370.0,,79.54199466,,,,77.21526755,6.713390234,2.592523433,NORMAL,0.05732796933555834
1761857139,448.0,,77.05492303,,,,76.61852704,13.41128319,2.534686426,NORMAL,0.07015011726646198
1761857140,739.0,,92.73184378,,,,77.67058784,6.69971841,2.924731694,NORMAL,0.09728386657133997
1761857140,576.0,,79.28007302,,,,73.41123256,5.735033887,2.883196307,NORMAL,0.10887855878878422
1761857140,582.0,,88.16974513,,,,75.86056714,5.801183494,3.65621534,NORMAL,0.1107342245348264
1761857140,780.0,,79.38836427,,,,87.79319765,6.541896053,1.303481428,NORMAL,0.0776943997743415
1761857140,685.0,,87.52646514,,,,75.77190098,5.785641512,2.032577537,NORMAL,0.07558274975398144
1761857140,782.0,,77.37116979,,,,76.43830417,8.56439345,2.511618166,NORMAL,0.07918010540407217
1761857140,847.0,,69.54319352,,,,77.64375934,6.985322435,3.359049516,NORMAL,0.09969375542378389
1761857141,887.0,,81.65293378,,,,76.30812372,7.417346634,1.864806525,NORMAL,0.10652283287075387
1761857141,887.0,,75.12396606,,,,77.90613712,6.797956157,1.064139576,NORMAL,0.11702999193138292
1761857141,854.0,,83.47121288,,,,76.14305045,4.926447648,2.525502423,NORMAL,0.1203531472022985
1761857141,656.0,,86.25978976,,,,75.63930854,5.105646317,1.614635996,NORMAL,0.10215549421690212
1761857141,699.0,,79.45571762,,,,76.85278503,3.331015429,0.805562024,NORMAL,0.11298279613133017
1761857141,1606.0,,87.88562744,,,,76.97447105,5.503495054,1.675167803,NORMAL,0.12749095262126964
1761857141,817.0,,69.32056161,,,,76.26651168,7.377102603,1.521308242,NORMAL,0.12893306593191511
1761857142,894.0,,76.30568819,,,,74.51936582,8.618690217,0.824224067,NORMAL,0.12297432816489945
1761857142,621.0,,75.24289129,,,,75.83255821,9.945979303,1.448946567,NORMAL,0.12707611583453032
1761857142,676.0,,68.77949551,,,,75.10503626,4.014879862,2.983216075,NORMAL,0.12585357935348168
1761857142,716.0,,77.47106159,,,,77.61123089,4.975387382,1.145154993,NORMAL,0.10289034924115875
1761857142,552.0,,65.6732725,,,,75.45311259,4.855246799,2.849956465,NORMAL,0.09052804671062076
1761857142,966.0,,82.85768629,,,,75.28473986,8.427977649,1.770769208,NORMAL,0.09186973446040919
1761857143,761.0,,75.46511108,,,,77.63778309,6.29386227,1.252481553,NORMAL,0.09569626387688179
1761857143,1621.0,,71.79632562,,,,78.56365877,3.342588654,1.015608455,NORMAL,0.10709935674166876
1761857143,996.0,,79.70216042,,,,76.75405893,6.673206631,2.771706855,NORMAL,0.10879390401658556
1761857143,1499.0,,74.56120639,,,,78.28365169,6.530456608,2.538132193,NORMAL,0.10074941102966567
1761857143,862.0,,63.61718586,,,,75.90760598,4.462318553,1.824859725,NORMAL,0.0663536263438515
1761857143,645.0,,91.14581683,,,,74.44079863,6.011060261,3.372621873,NORMAL,0.05219332895245726
1761857143,726.0,,65.6091507,,,,83.98750795,6.347151307,2.250761224,NORMAL,0.05970616097570114
1761857144,914.0,,74.9742769,,,,84.83697761,9.607924349,2.534476996,NORMAL,0.08682049965609218
1761857144,1091.0,,80.32297074,,,,84.05806407,5.022005122,3.241100416,NORMAL,0.08949979886620923
1761857144,737.0,,82.50302116,,,,77.7897889,7.204581113,2.82073315,NORMAL,0.0640396950122335
1761857144,628.0,,72.59569966,,,,80.9200354,13.76926041,2.339963009,NORMAL,0.09425628393279623
1761857144,601.0,,78.06824787,,,,75.79442361,2.33720087,2.495572971,NORMAL,0.09157834458791053
1761857144,1063.0,,74.53617347,,,,78.12703377,11.88618156,1.192207881,NORMAL,0.07611714405621695
1761857144,662.0,,86.18190153,,,,76.91175243,8.75979063,1.05824716,NORMAL,0.07358186311937348
1761857145,944.0,,84.49419092,,,,78.1755495,8.249719312,3.122879827,NORMAL,0.08049453697506442
1761857145,634.0,,74.95564298,,,,77.97362857,1.364795774,1.887486386,NORMAL,0.07571807232746236
1761857145,729.0,,79.59228827,,,,78.80196301,5.825322967,2.464401959,NORMAL,0.07901550720619899
1761857145,530.0,,78.16467134,,,,76.45191225,2.779284043,2.797448267,NORMAL,0.08499704000989061
1761857145,925.0,,78.00412257,,,,75.37625916,3.379855821,3.268657176,NORMAL,0.0934769570091677
1761857145,750.0,,79.40488845,,,,76.63794498,7.631014562,2.911683498,NORMAL,0.09986573685706607
1761857145,902.0,,75.56599293,,,,81.42356272,5.506638716,2.291460383,NORMAL,0.10485428696621846
1761857146,1069.0,,72.21271275,,,,72.76674656,4.980654695,3.202777876,NORMAL,0.09435951864398001
1761857146,531.0,,73.44799886,,,,77.51840051,5.961368328,2.831200933,NORMAL,0.09680798703588189
1761857146,535.0,,82.22937067,,,,75.40213959,6.649382167,2.509934443,NORMAL,0.12049020048354098
1761857146,1273.0,,88.43411568,,,,78.80520551,5.127918353,1.322969347,NORMAL,0.11766709578262802
1761857146,1099.0,,84.2048848,,,,74.82565721,10.39417748,1.758073952,NORMAL,0.11267207245515948
1761857146,406.0,,77.15634185,,,,75.95806721,3.420953507,3.021717598,NORMAL,0.12334875651351312
1761857146,838.0,,86.31434267,,,,86.37594358,6.18930982,1.730792705,NORMAL,0.11783790553849488
1761857147,537.0,,74.56281898,,,,76.83444042,10.1770417,2.876193696,NORMAL,0.12537987231808895
1761857147,683.0,,69.17010543,,,,77.42847337,10.89710208,3.891155602,NORMAL,0.12886144027852264
1761857147,1073.0,,78.0387269,,,,74.3896665,3.499127343,2.599046387,NORMAL,0.11837172679883828
1761857147,1110.0,,72.48881185,,,,74.89955239,4.697183074,2.317045939,NORMAL,0.10966338065718656
1761857147,982.0,,73.0484552,,,,76.33439804,7.665391403,2.449049831,NORMAL,0.10908304046920764
1761857147,504.0,,82.93630058,,,,81.41786316,6.02519117,1.513985722,NORMAL,0.11570528148467762
1761857147,866.0,,71.5855513,,,,78.99241849,4.099512542,1.099195011,NORMAL,0.1260749472921333
1761857148,863.0,,75.8490956,,,,88.42386186,6.892567746,2.146167651,NORMAL,0.08476358497098074
1761857148,634.0,,77.2488714,,,,82.04421653,11.74519053,1.706863942,NORMAL,0.08685422275535765
1761857148,697.0,,81.75371689,,,,76.25895324,2.474715945,1.957102121,NORMAL,0.09611297763785065
1761857148,701.0,,84.11414415,,,,75.09814308,4.482216445,1.512679463,NORMAL,0.10110557488079647
1761857148,555.0,,83.62292674,,,,82.89391042,0.625999717,3.108186393,NORMAL,0.0913421766899824
1761857148,444.0,,81.55608815,,,,74.05554878,7.542188142,1.687151165,NORMAL,0.0921615351072117
1761857148,579.0,,83.57065581,,,,77.24114393,4.038914619,1.404801741,NORMAL,0.1037632214004745
1761857149,1341.0,,75.10064279,,,,77.22870576,14.86914018,1.658590657,NORMAL,0.10300539932244557
1761857149,568.0,,82.94701607,,,,78.17779982,6.200137387,1.97545269,NORMAL,0.09012460586771126
1761857149,1004.0,,73.00496763,,,,81.92349285,4.720632153,2.610429528,NORMAL,0.08188907474816853
1761857149,902.0,,75.00542322,,,,78.60021534,5.635402126,0.393704565,NORMAL,0.1048615287443751
1761857149,855.0,,74.4010374,,,,85.95224781,5.900080927,2.045913567,NORMAL,0.09482894833224237
1761857149,805.0,,81.2242681,,,,77.33852978,7.442839879,2.751056889,NORMAL,0.10092786483540833
1761857149,393.0,,87.48892235,,,,75.34062983,18.41824809,1.500020071,NORMAL,0.08572934610689537
1761857150,766.0,,65.90760433,,,,75.40208888,12.27024893,1.944767603,NORMAL,0.0786183355609757
1761857150,799.0,,69.32294962,,,,77.14148439,5.291652866,2.23529831,NORMAL,0.07963547524690545
1761857150,282.0,,74.81463618,,,,77.47628451,5.985888799,1.2275029,NORMAL,0.07118864064574071
1761857150,908.0,,81.33803182,,,,77.85058323,6.483142044,6.826048275,NORMAL,0.09848901822368422
1761857150,1134.0,,73.76635618,,,,75.49839239,7.141066205,3.538895973,NORMAL,0.10175920163425894
1761857150,836.0,,73.89714826,,,,75.91002603,4.624212528,0.998205316,NORMAL,0.09001117920939439
1761857150,452.0,,68.68016957,,,,74.7092951,5.556582761,2.922042981,NORMAL,0.08576540136956234
1761857151,638.0,,67.16773119,,,,78.16476019,4.268695399,1.735175468,NORMAL,0.08020952454795238
1761857151,1234.0,,72.99887471,,,,76.75907111,5.844859861,3.206803532,NORMAL,0.08061942478870254
1761857151,657.0,,77.53383494,,,,78.52986988,6.300935462,1.583625337,NORMAL,0.07850384021905088
1761857151,1109.0,,82.46817807,,,,77.46951823,6.9576559,1.255467599,NORMAL,0.09098234190205517
1761857151,584.0,,63.53942949,,,,77.31439322,4.619378831,2.802962933,NORMAL,0.08067237397339377
1761857151,1260.0,,91.60013446,,,,76.09139644,5.193181186,3.089205161,NORMAL,0.09659570612866553
1761857151,562.0,,78.16796868,,,,76.54417427,8.740706129,1.805732125,NORMAL,0.09526647961464102
1761857152,916.0,,89.48258113,,,,78.41662973,6.281865942,1.842295237,NORMAL,0.09730849255331814
1761857152,987.0,,73.644605,,,,78.5932737,3.870395218,2.417034628,NORMAL,0.10490783307824991
1761857152,1507.0,,89.66274049,,,,77.92053401,4.900020884,1.617427597,NORMAL,0.08331653089121122
1761857152,539.0,,83.67923363,,,,76.39783273,4.25991694,2.386211315,NORMAL,0.07897411904914953
1761857152,1463.0,,79.35462356,,,,82.96432832,5.299983889,2.644055719,NORMAL,0.07675758043843178
1761857152,551.0,,82.33837043,,,,74.88851704,5.327157484,1.44482783,NORMAL,0.08314772786626168
1761857152,1294.0,,85.01906217,,,,78.22617184,6.811442581,1.182381005,NORMAL,0.06265234560534616
1761857153,853.0,,73.07272756,,,,86.14057289,4.465336169,2.82918899,NORMAL,0.0769805750778485
1761857153,687.0,,80.96307165,,,,76.22503198,4.276250934,1.113376203,NORMAL,0.07274615318379507
1761857153,276.0,,71.44680796,,,,76.73441171,7.291025761,2.606828672,NORMAL,0.08094723429619621
1761857153,461.0,,82.39486388,,,,74.79630382,8.730033422,2.086720623,NORMAL,0.08611759327004676
1761857153,1335.0,,79.9257705,,,,74.08573752,10.27293722,4.118228368,NORMAL,0.08413184438267579
1761857153,892.0,,87.03468664,,,,80.3270033,7.424992483,1.162391868,NORMAL,0.08480205692900855
1761857153,1005.0,,78.93385955,,,,86.56582017,6.725166457,1.253641542,NORMAL,0.08624183546442526
1761857154,686.0,,88.99498839,,,,76.00755455,5.813183691,2.50513748,NORMAL,0.07944563756530693
1761857154,404.0,,76.967926,,,,78.14175766,9.902527372,1.544965681,NORMAL,0.06690134581897206
1761857154,811.0,,79.2257782,,,,74.88168658,10.33251878,1.860208587,NORMAL,0.07328415377749947
1761857154,712.0,,87.46633328,,,,76.52161916,6.077248022,2.020301247,NORMAL,0.07227234401893573
1761857154,544.0,,77.02241157,,,,73.57211311,16.37622331,2.850317442,NORMAL,0.11031737301652156
1761857154,1344.0,,79.09651743,,,,77.12549354,8.596405323,1.306151669,NORMAL,0.07862443455141899
1761857155,848.0,,77.87564948,,,,86.77647934,2.86629221,2.521902353,NORMAL,0.07532033875753263
1761857155,939.0,,81.71540653,,,,73.71447355,5.580709479,1.758184529,NORMAL,0.07196890203135176
1761857155,609.0,,92.31880245,,,,76.98598449,1.386040977,2.820138205,NORMAL,0.05293195255072103
1761857155,576.0,,84.7286058,,,,76.5758931,7.296644609,1.5778084,NORMAL,0.0524199138940345
1761857155,768.0,,74.00601953,,,,77.04468841,5.87121804,1.972228463,NORMAL,0.05712108696084739
1761857155,1036.0,,90.50329937,,,,76.6747404,8.964665045,2.328977277,NORMAL,0.04371092137605004
1761857155,892.0,,82.03707345,,,,76.83551005,12.29772043,4.047633218,NORMAL,0.0560362934029337
1761857156,465.0,,80.62502639,,,,73.60695504,6.407768086,5.278919322,NORMAL,0.05937229238659664
1761857156,610.0,,79.74963558,,,,76.0666096,4.3482593,3.500529827,NORMAL,0.07122766904841082
1761857156,546.0,,78.06419846,,,,76.69412605,7.208806144,2.037583377,NORMAL,0.07443143910315442
1761857156,1140.0,,75.95362289,,,,80.77329868,5.074697873,2.140442533,NORMAL,0.07285565900939828
1761857156,1176.0,,85.38070899,,,,77.70125945,5.246207525,2.928504973,NORMAL,0.057349916096331555
1761857156,785.0,,72.03196537,,,,75.21324912,4.161417661,2.984932301,NORMAL,0.08832053623545799
1761857156,1205.0,,85.36679667,,,,76.78901811,4.859712028,3.087607391,NORMAL,0.07589964806690885
1761857157,813.0,,77.23755386,,,,76.21797975,8.60506641,1.668093683,NORMAL,0.09252807824083481
1761857157,885.0,,71.35190737,,,,77.16205408,7.179889206,2.455018689,NORMAL,0.10837606602983196
1761857157,778.0,,76.77325998,,,,77.70885984,4.647124038,2.495398628,NORMAL,0.11837663678606197
1761857157,1324.0,,82.32345319,,,,76.60858206,5.053602382,3.943272653,NORMAL,0.10128976304367926
1761857157,833.0,,70.93811193,,,,76.56045064,6.281994196,1.660213894,NORMAL,0.10896322188780827
1761857157,855.0,,75.39834008,,,,75.39641791,6.369320246,2.770627794,NORMAL,0.0985818886339167
1761857157,801.0,,74.03943042,,,,75.93147772,4.329364364,3.045568282,NORMAL,0.09925144765791366
1761857157,630.0,,72.61236021,,,,75.78892312,8.562674799,1.858249759,NORMAL,0.12755039173129679
1761857158,801.0,,86.18530625,,,,77.23727521,6.091457568,1.661922576,NORMAL,0.12437204888011594
1761857158,548.0,,80.43050619,,,,74.33290677,5.737909033,3.367914295,NORMAL,0.08816854746589531
1761857158,592.0,,88.37328302,,,,77.33609081,4.610141713,2.394447581,NORMAL,0.08983403892054626
1761857158,532.0,,69.57553833,,,,76.01706982,8.365104215,2.447521171,NORMAL,0.09278289291148561
1761857158,502.0,,80.08551663,,,,73.72222433,5.175711872,1.998301759,NORMAL,0.0960054272149018
1761857158,684.0,,70.25386031,,,,76.47910564,9.008452941,3.046106885,NORMAL,0.10234588107175396
1761857158,1079.0,,85.46947515,,,,74.66968767,17.28967956,1.954351283,NORMAL,0.09467583881158487
1761857159,855.0,,74.3888555,,,,74.85706327,5.103394163,1.492319763,NORMAL,0.08950102055465647
1761857159,567.0,,71.48257432,,,,75.8052704,6.879212665,1.680247512,NORMAL,0.043249580754762484
1761857159,627.0,,78.00535487,,,,77.14236098,5.32593631,2.992480677,NORMAL,0.0422270536771398
1761857159,908.0,,81.28123118,,,,74.68074864,4.707693909,1.276052059,NORMAL,0.047629410851208476
1761857159,507.0,,77.04485448,,,,77.51895487,10.6081726,2.516150951,NORMAL,0.03810301469454974
1761857159,916.0,,73.31269559,,,,77.14407184,8.021708594,3.45345776,NORMAL,0.03244961664063645
1761857159,728.0,,71.24365779,,,,75.86830318,8.466802277,1.138977245,NORMAL,0.021732984332762606
1761857266,700.0,,81.6321865,,,,84.14416293,11.79092738,3.178980794,ANOMALIA,-0.18643857960292654
1761857266,876.0,,82.4457245,,,,77.64093415,16.19386556,2.464503704,ANOMALIA,-0.1389262367504407
1761857266,520.0,,79.64577667,,,,77.75226574,6.553146911,1.064346764,ANOMALIA,-0.11937866703630506
1761857266,473.0,,71.77462869,,,,74.12990715,19.51017166,3.727455362,ANOMALIA,-0.08452558903719476
1761857266,619.0,,87.00022538,,,,78.39698883,15.73887141,2.052251454,ANOMALIA,-0.08184975191693311
1761857267,1221.0,,75.66981801,,,,76.40115203,6.679230535,2.214250345,NORMAL,0.0017722701255487028
1761857267,716.0,,79.79241081,,,,83.64658857,5.312266428,2.46106708,ANOMALIA,-0.05931270224707852
1761857267,729.0,,71.67176056,,,,77.9212023,10.19112589,2.362998355,ANOMALIA,-0.033494031510331035
1761857267,845.0,,70.49602446,,,,76.30162614,3.638269304,3.525604418,NORMAL,0.0013481472268120909
1761857267,824.0,,85.14329731,,,,77.06652006,7.626214049,1.301032069,NORMAL,0.008810620338638109
1761857267,1230.0,,85.91987186,,,,77.40544243,10.83912838,1.830218693,NORMAL,0.0199065862680865
1761857267,538.0,,81.18079834,,,,80.18345308,7.694207979,2.083630083,NORMAL,0.006472734050738227
1761857267,1187.0,,84.96686866,,,,78.10229386,6.890093327,1.833391079,ANOMALIA,-0.0005539383346340188
1761857268,609.0,,75.57779077,,,,77.28064321,10.09296246,2.997150736,NORMAL,0.0013280392743266756
1761857268,606.0,,77.72570657,,,,75.17064423,5.489462544,1.913766899,NORMAL,0.002454217254917457
1761857268,382.0,,71.62384988,,,,77.00087426,7.77492339,2.727348376,NORMAL,0.01089625935180183
1761857268,560.0,,70.76525408,,,,77.18277677,11.73054823,1.832205746,NORMAL,0.010348434871520706
1761857268,767.0,,80.26551481,,,,84.92414335,7.496561998,1.432776233,NORMAL,0.010462489031403677
1761857268,838.0,,88.78397112,,,,77.25819595,4.159451141,2.141784028,NORMAL,0.009691739401742505
1761857268,495.0,,73.80702538,,,,77.26403305,7.376275793,3.090756713,NORMAL,0.011707447961150197
1761857268,1341.0,,78.88448943,,,,76.92653268,6.188480205,1.503297167,NORMAL,0.01905596162660217
