rpm,speed,coolant_temp,tps,maf,map,lub_oil_temp,fuel_pressure,coolant_pressure,score,pred,status,rules,status_final
455.0,,75.81192539,,,,80.60016369,13.97116025,2.448630195,-0.14367271986159091,-1,ANOMALIA,,ANOMALIA
1053.0,,75.98157237,,,,75.84209778,4.212193982,4.705473891,-0.1434614734198698,-1,ANOMALIA,,ANOMALIA
646.0,,86.28989581,,,,75.20562731,8.454512251,3.033518045,-0.1432830662808655,-1,ANOMALIA,,ANOMALIA
799.0,,74.08360477,,,,77.57523258,12.31190941,3.168087939,-0.14439127184557055,-1,ANOMALIA,,ANOMALIA
1348.0,,81.49140597,,,,84.47375281,7.286885806,1.463265044,-0.14228837239313685,-1,ANOMALIA,,ANOMALIA
635.0,,68.40312615,,,,76.35883025,6.629578742,2.021019903,-0.1430872137451853,-1,ANOMALIA,,ANOMALIA
939.0,,83.99973769,,,,76.25914474,2.713572365,1.868092924,-0.14317902114111725,-1,ANOMALIA,,ANOMALIA
657.0,,87.19195786,,,,75.74857535,2.951999184,3.97608778,-0.14300068864199378,-1,ANOMALIA,,ANOMALIA
708.0,,76.9100848,,,,77.46225949,5.088072943,2.924952052,-0.14300068864199378,-1,ANOMALIA,,ANOMALIA
1007.0,,82.08852547,,,,76.9033516,4.77585741,2.045025408,-0.1426072056523654,-1,ANOMALIA,,ANOMALIA
773.0,,86.37386013,,,,75.85403748,7.745653511,4.534210375,-0.1426072056523654,-1,ANOMALIA,,ANOMALIA
1385.0,,85.38164882,,,,75.62032791,5.272285313,2.004513685,-0.14193733747856074,-1,ANOMALIA,,ANOMALIA
659.0,,75.76059821,,,,83.95811494,3.961213245,1.047239056,-0.14326556911518273,-1,ANOMALIA,,ANOMALIA
751.0,,90.4327609,,,,76.53348164,4.393172046,2.483414776,-0.14300068864199378,-1,ANOMALIA,,ANOMALIA
591.0,,81.32327912,,,,78.62024306,5.205312086,2.167501472,-0.1426072056523654,-1,ANOMALIA,,ANOMALIA
1046.0,,83.5552392,,,,77.70409464,6.288947858,1.117251809,-0.1421961436199256,-1,ANOMALIA,,ANOMALIA
829.0,,74.93880147,,,,86.45666983,6.108972885,2.285778328,-0.14198677866488307,-1,ANOMALIA,,ANOMALIA
961.0,,92.03931827,,,,76.04902198,6.910787425,2.226115809,-0.14502238102291887,-1,ANOMALIA,,ANOMALIA
696.0,,82.65265028,,,,75.80494139,11.96971897,1.451358043,-0.14484356140376686,-1,ANOMALIA,,ANOMALIA
852.0,,72.33909464,,,,76.55381668,5.809203168,1.426231004,-0.14484356140376686,-1,ANOMALIA,,ANOMALIA
706.0,,74.89123081,,,,76.42277842,5.381253176,2.248736143,-0.14482786907070877,-1,ANOMALIA,,ANOMALIA
901.0,,83.60378363,,,,78.93005264,4.591213851,2.344017358,-0.1468916789178899,-1,ANOMALIA,,ANOMALIA
740.0,,80.6502174,,,,75.07103293,6.795506013,2.440095612,-0.1449726481434379,-1,ANOMALIA,,ANOMALIA
654.0,,67.14573182,,,,77.14450954,5.997907651,3.008774172,-0.14443637045260038,-1,ANOMALIA,,ANOMALIA
449.0,,82.14306828,,,,83.36067371,5.416653314,5.694339313,-0.14443637045260038,-1,ANOMALIA,,ANOMALIA
779.0,,84.85805631,,,,77.1271708,13.7865859,1.026768907,-0.1427675747379854,-1,ANOMALIA,,ANOMALIA
1674.0,,74.64194049,,,,76.77232668,3.624157065,2.043074697,-0.1439131409338047,-1,ANOMALIA,,ANOMALIA
587.0,,75.38142282,,,,76.55724489,4.482940586,1.736345388,-0.14405467592168042,-1,ANOMALIA,,ANOMALIA
613.0,,80.92081946,,,,81.88824943,5.302400377,2.258727842,-0.14244209399945595,-1,ANOMALIA,,ANOMALIA
691.0,,71.61194572,,,,75.09283672,8.001884993,1.47437613,-0.14405467592168042,-1,ANOMALIA,,ANOMALIA
866.0,,77.64556961,,,,85.27476256,8.022555595,3.118126963,-0.14523962818180292,-1,ANOMALIA,,ANOMALIA
697.0,,86.72923729,,,,78.63404126,1.633776818,0.794513633,-0.14520124790882727,-1,ANOMALIA,,ANOMALIA
694.0,,69.68765833,,,,76.14288195,5.944093433,2.939865305,-0.14484356140376686,-1,ANOMALIA,,ANOMALIA
850.0,,86.94309762,,,,77.13097075,7.551966112,2.569235,-0.14448606391577323,-1,ANOMALIA,,ANOMALIA
849.0,,77.24474175,,,,77.72249932,11.56760565,2.64499179,-0.1434217123377497,-1,ANOMALIA,,ANOMALIA
938.0,,73.24920895,,,,76.09992716,7.414277238,4.478904102,-0.14760739203722928,-1,ANOMALIA,,ANOMALIA
458.0,,73.93579864,,,,77.08612355,5.224569371,3.099190097,-0.1397164141606161,-1,ANOMALIA,,ANOMALIA
878.0,,76.73559684,,,,75.83222046,2.537920871,1.050346611,-0.13989387853910062,-1,ANOMALIA,,ANOMALIA
513.0,,78.26979114,,,,75.70401543,5.183278841,3.365111616,-0.14026719931338916,-1,ANOMALIA,,ANOMALIA
590.0,,75.24973832,,,,83.66142859,6.650566706,2.850119322,-0.13917711874567573,-1,ANOMALIA,,ANOMALIA
893.0,,74.36295653,,,,75.80528798,6.62062814,1.567984372,-0.13937565631428794,-1,ANOMALIA,,ANOMALIA
748.0,,79.10691274,,,,75.18527534,5.715725479,5.261251561,-0.14425012873664922,-1,ANOMALIA,,ANOMALIA
805.0,,75.25512005,,,,74.71799504,17.5689917,1.746637573,-0.14425012873664922,-1,ANOMALIA,,ANOMALIA
563.0,,73.28979791,,,,77.18860576,3.501781507,1.55475179,-0.14636937526699711,-1,ANOMALIA,,ANOMALIA
976.0,,73.24670198,,,,76.30000531,3.180079643,1.1343329,-0.14511614014512175,-1,ANOMALIA,,ANOMALIA
643.0,,90.65796262,,,,84.03223687,5.833381401,1.79308827,-0.14442879149584664,-1,ANOMALIA,,ANOMALIA
864.0,,77.45752647,,,,85.24299314,3.891605672,1.399021488,-0.14442879149584664,-1,ANOMALIA,,ANOMALIA
1108.0,,77.42404684,,,,76.55715821,7.152263983,1.504648152,-0.14565295702179915,-1,ANOMALIA,,ANOMALIA
438.0,,67.52711961,,,,83.56868787,6.37782256,2.20302365,-0.1444010460775702,-1,ANOMALIA,,ANOMALIA
678.0,,91.52366524,,,,75.99473881,8.749673194,1.76373317,-0.14473197914060631,-1,ANOMALIA,,ANOMALIA
795.0,,68.68361693,,,,76.28480601,6.081633432,4.643738687,-0.14473197914060631,-1,ANOMALIA,,ANOMALIA
664.0,,84.56546386,,,,76.41286716,7.537095002,4.853973435,-0.14544742324436966,-1,ANOMALIA,,ANOMALIA
664.0,,79.34871611,,,,75.87882262,5.354230609,1.285504251,-0.14508960664958204,-1,ANOMALIA,,ANOMALIA
644.0,,74.8521655,,,,76.61413506,4.50773466,0.956631549,-0.14508960664958204,-1,ANOMALIA,,ANOMALIA
881.0,,75.28806355,,,,75.9503683,4.548771534,1.835620871,-0.145473970768773,-1,ANOMALIA,,ANOMALIA
810.0,,78.265312,,,,78.36535699,6.488713782,2.274243458,-0.145473970768773,-1,ANOMALIA,,ANOMALIA
1107.0,,68.42245246,,,,74.90104565,6.131345823,1.738025184,-0.15195894144098698,-1,ANOMALIA,,ANOMALIA
882.0,,85.45473634,,,,76.56105815,5.604364431,2.666664868,-0.15137968648478672,-1,ANOMALIA,,ANOMALIA
596.0,,76.6307949,,,,84.46371135,4.601446226,1.313461157,-0.15137968648478672,-1,ANOMALIA,,ANOMALIA
1776.0,,71.23378647,,,,76.48142055,5.873873853,1.318789889,-0.14044480927896208,-1,ANOMALIA,,ANOMALIA
1294.0,,72.18097953,,,,77.41460426,12.57025147,2.445931494,-0.14177184765709328,-1,ANOMALIA,,ANOMALIA
666.0,,68.13692194,,,,74.35555721,8.944874593,2.781627428,-0.142127910077112,-1,ANOMALIA,,ANOMALIA
442.0,,83.67252996,,,,76.91038906,0.314028302,2.667828055,-0.14255243037488685,-1,ANOMALIA,,ANOMALIA
885.0,,82.26834396,,,,84.5215851,2.518659663,2.914546785,-0.14255243037488685,-1,ANOMALIA,,ANOMALIA
577.0,,72.33354093,,,,76.50266739,4.80558017,1.345729939,-0.14191092860899246,-1,ANOMALIA,,ANOMALIA
859.0,,83.01253723,,,,78.41384221,6.031276378,1.303366159,-0.14155498085139473,-1,ANOMALIA,,ANOMALIA
585.0,,70.61133989,,,,81.62466421,6.689133779,2.244056735,-0.14122049525879599,-1,ANOMALIA,,ANOMALIA
704.0,,88.93317269,,,,76.24817356,10.01271618,2.147507293,-0.14155498085139473,-1,ANOMALIA,,ANOMALIA
500.0,,82.79542312,,,,75.48801696,5.691030229,2.336999653,-0.1426072056523654,-1,ANOMALIA,,ANOMALIA
577.0,,76.50787132,,,,76.27309285,4.969334905,2.357237688,-0.1426072056523654,-1,ANOMALIA,,ANOMALIA
829.0,,79.24011618,,,,75.66222616,6.394026297,2.970531382,-0.1426072056523654,-1,ANOMALIA,,ANOMALIA
1281.0,,80.09425938,,,,77.38513218,4.66227032,1.607835565,-0.14217563171828007,-1,ANOMALIA,,ANOMALIA
762.0,,83.63761534,,,,76.9543318,4.854528255,1.37339073,-0.14352879432325316,-1,ANOMALIA,,ANOMALIA
1481.0,,93.79160853,,,,75.99768995,5.701679579,1.556111313,-0.14820298041582813,-1,ANOMALIA,,ANOMALIA
1224.0,,78.93874198,,,,82.98158331,5.869446739,1.721887631,-0.1513146293871943,-1,ANOMALIA,,ANOMALIA
1334.0,,73.76200938,,,,77.3176847,5.479429349,0.783004762,-0.1599391613909894,-1,ANOMALIA,,ANOMALIA
388.0,,75.48676565,,,,81.91163998,3.342019626,2.719029068,-0.15926668213138817,-1,ANOMALIA,,ANOMALIA
872.0,,66.64596447,,,,82.87267563,5.460596854,2.13097643,-0.15890156284068047,-1,ANOMALIA,,ANOMALIA
619.0,,70.88431369,,,,85.39266838,13.59343394,1.226316814,-0.15689685289884714,-1,ANOMALIA,,ANOMALIA
1661.0,,72.87272512,,,,76.72592091,11.80290181,2.951990975,-0.1698470193113948,-1,ANOMALIA,,ANOMALIA
654.0,,78.91487294,,,,74.80520693,15.34664402,1.367785037,-0.1698470193113948,-1,ANOMALIA,,ANOMALIA
952.0,,82.01507128,,,,73.64641309,3.988143607,1.520395761,-0.17196538337018474,-1,ANOMALIA,,ANOMALIA
780.0,,72.34937949,,,,86.25077987,7.01528845,2.32493781,-0.17101446914337504,-1,ANOMALIA,,ANOMALIA
658.0,,73.03823376,,,,83.97901049,4.397235113,1.696599595,-0.17101446914337504,-1,ANOMALIA,,ANOMALIA
697.0,,87.29506389,,,,75.92381793,4.424065691,2.040593179,-0.17196538337018474,-1,ANOMALIA,,ANOMALIA
797.0,,69.25287686,,,,75.58088756,6.770727394,1.913546863,-0.17196538337018474,-1,ANOMALIA,,ANOMALIA
449.0,,80.48428177,,,,77.40213272,4.350933155,3.233813178,-0.16878196208831908,-1,ANOMALIA,,ANOMALIA
565.0,,84.09232153,,,,74.40554427,7.313621357,3.249909601,-0.1678569598662355,-1,ANOMALIA,,ANOMALIA
690.0,,69.55042153,,,,85.02745829,5.130944387,1.520257474,-0.16859686384288164,-1,ANOMALIA,,ANOMALIA
618.0,,76.33779257,,,,75.27835546,6.17482569,0.942659534,-0.14922916458201407,-1,ANOMALIA,,ANOMALIA
495.0,,95.23455433,,,,80.94244115,4.667762436,3.060745005,-0.15088929889165215,-1,ANOMALIA,,ANOMALIA
833.0,,84.61243189,,,,75.26660366,5.047437283,2.300782809,-0.1491040810524361,-1,ANOMALIA,,ANOMALIA
764.0,,79.24111987,,,,77.33968211,4.979883117,2.900889021,-0.14642785229436595,-1,ANOMALIA,,ANOMALIA
721.0,,78.42414979,,,,76.79268294,5.367468376,2.289658856,-0.14796915222865759,-1,ANOMALIA,,ANOMALIA
739.0,,81.97742638,,,,74.38178011,5.915657484,1.020238959,-0.14728825754787844,-1,ANOMALIA,,ANOMALIA
989.0,,84.73935075,,,,76.80935697,3.189772186,1.571435972,-0.14624866127014402,-1,ANOMALIA,,ANOMALIA
668.0,,74.44268178,,,,77.36917123,6.477922753,1.839531573,-0.14646502107310677,-1,ANOMALIA,,ANOMALIA
1172.0,,76.71761855,,,,78.05237151,10.34829734,2.090401755,-0.14913930892644045,-1,ANOMALIA,,ANOMALIA
657.0,,79.1811119,,,,75.95077867,5.516645965,2.760213371,-0.14802332030227106,-1,ANOMALIA,,ANOMALIA
717.0,,88.17929158,,,,77.21903164,7.388977164,1.565634863,-0.1475603633313719,-1,ANOMALIA,,ANOMALIA
816.0,,76.29628594,,,,84.82589965,11.0586131,3.246944501,-0.1475603633313719,-1,ANOMALIA,,ANOMALIA
879.0,,75.81380982,,,,77.00119004,1.762921355,2.594185709,-0.14499612503107973,-1,ANOMALIA,,ANOMALIA
711.0,,72.2832804,,,,76.45694819,6.161167953,2.030553064,-0.14696054500609712,-1,ANOMALIA,,ANOMALIA
819.0,,74.14279512,,,,77.92618461,3.156032864,2.535270894,-0.14387496974307412,-1,ANOMALIA,,ANOMALIA
1411.0,,73.4067854,,,,75.51658876,5.411344521,1.40721433,-0.14173493611372734,-1,ANOMALIA,,ANOMALIA
970.0,,67.87844623,,,,76.39520179,0.435527221,1.175465155,-0.1414466534984622,-1,ANOMALIA,,ANOMALIA
990.0,,84.60349535,,,,76.13477379,5.973015356,1.643291631,-0.14186738013881062,-1,ANOMALIA,,ANOMALIA
1378.0,,70.4464103,,,,75.20653797,6.069563914,1.638058372,-0.14351912577922465,-1,ANOMALIA,,ANOMALIA
929.0,,75.88127461,,,,75.60880207,6.597364192,3.538679127,-0.14445028084237743,-1,ANOMALIA,,ANOMALIA
428.0,,90.81352924,,,,75.61926017,4.387232694,1.869855318,-0.14582164965927158,-1,ANOMALIA,,ANOMALIA
620.0,,88.27501249,,,,76.38122197,12.93603086,3.415524971,-0.14582164965927158,-1,ANOMALIA,,ANOMALIA
925.0,,86.71295042,,,,77.17481756,4.513433692,2.954845392,-0.14528469908349895,-1,ANOMALIA,,ANOMALIA
778.0,,76.60856745,,,,78.12447814,4.518810363,1.111431547,-0.14528469908349895,-1,ANOMALIA,,ANOMALIA
670.0,,77.18424715,,,,81.01274421,7.122014737,1.280185897,-0.14582164965927158,-1,ANOMALIA,,ANOMALIA
1620.0,,77.34005756,,,,75.163334,6.398304277,2.42389455,-0.14459065085661604,-1,ANOMALIA,,ANOMALIA
689.0,,73.24518703,,,,79.5628642,9.308475785,1.080504064,-0.14530594547390396,-1,ANOMALIA,,ANOMALIA
1321.0,,81.09922246,,,,76.53906217,5.216484442,1.188789089,-0.14686356434005943,-1,ANOMALIA,,ANOMALIA
638.0,,69.90564495,,,,76.64167976,1.725983559,2.558749129,-0.14740176725437992,-1,ANOMALIA,,ANOMALIA
483.0,,82.57104873,,,,78.21619313,5.710811204,2.251067417,-0.14525046596894864,-1,ANOMALIA,,ANOMALIA
644.0,,81.5890252,,,,76.44382393,3.506100743,1.867200429,-0.14659020668442535,-1,ANOMALIA,,ANOMALIA
801.0,,81.79433362,,,,77.50001132,2.003887133,3.282646158,-0.1483369923204585,-1,ANOMALIA,,ANOMALIA
544.0,,76.82470527,,,,77.52426394,4.936852212,2.54860082,-0.14581499874272308,-1,ANOMALIA,,ANOMALIA
775.0,,78.97526317,,,,81.79182907,7.745768318,4.080837192,-0.14581499874272308,-1,ANOMALIA,,ANOMALIA
965.0,,73.32716002,,,,78.24339773,2.278427726,1.297099836,-0.14800429547860183,-1,ANOMALIA,,ANOMALIA
970.0,,83.01734637,,,,77.40082166,4.268880965,2.530169065,-0.15064655895131573,-1,ANOMALIA,,ANOMALIA
692.0,,77.82467748,,,,77.41321276,7.049257954,1.909216319,-0.14706952797816364,-1,ANOMALIA,,ANOMALIA
600.0,,71.34965289,,,,78.47903376,5.478032067,1.96596001,-0.1476666055891439,-1,ANOMALIA,,ANOMALIA
598.0,,72.89761524,,,,77.88649193,8.209485195,2.45216096,-0.1435838840942364,-1,ANOMALIA,,ANOMALIA
1694.0,,75.50529886,,,,75.68910669,11.07112555,2.174929866,-0.15745144113746967,-1,ANOMALIA,,ANOMALIA
719.0,,77.90499174,,,,77.11806415,4.936960388,2.651179204,-0.15745144113746967,-1,ANOMALIA,,ANOMALIA
843.0,,89.9549671,,,,82.92946885,6.3659421,1.739462748,-0.15662588715631465,-1,ANOMALIA,,ANOMALIA
1121.0,,73.47771439,,,,77.00610408,6.00338822,3.120429791,-0.1589100077072938,-1,ANOMALIA,,ANOMALIA
501.0,,63.97067607,,,,76.78483587,4.47831813,1.637320865,-0.16286992369528364,-1,ANOMALIA,,ANOMALIA
779.0,,69.48116684,,,,75.87969903,7.808329661,1.541833657,-0.16250290029541326,-1,ANOMALIA,,ANOMALIA
861.0,,88.91946405,,,,75.84301896,6.829980847,2.286770681,-0.15091287772860718,-1,ANOMALIA,,ANOMALIA
780.0,,77.66175843,,,,75.475542,4.770536201,1.408910574,-0.14866497451033878,-1,ANOMALIA,,ANOMALIA
623.0,,79.26689652,,,,83.23664854,4.46618155,1.248517552,-0.1484585267314863,-1,ANOMALIA,,ANOMALIA
808.0,,87.86718373,,,,78.16278946,6.125850519,2.744537342,-0.14551997945911377,-1,ANOMALIA,,ANOMALIA
1074.0,,78.73236134,,,,75.35410921,10.96807602,1.625575161,-0.14676278499934714,-1,ANOMALIA,,ANOMALIA
740.0,,76.2781772,,,,81.96455459,3.683837544,2.124681329,-0.14410253402638906,-1,ANOMALIA,,ANOMALIA
800.0,,70.31626348,,,,83.51191683,6.841369399,1.655518342,-0.14414085199928817,-1,ANOMALIA,,ANOMALIA
763.0,,86.97513439,,,,77.59759118,4.759057395,1.724618736,-0.14356694595349728,-1,ANOMALIA,,ANOMALIA
735.0,,81.0644829,,,,76.68178035,1.753670802,2.772469577,-0.14428115777239958,-1,ANOMALIA,,ANOMALIA
474.0,,86.25552489,,,,86.59158833,9.212597586,0.76771055,-0.14713992420002509,-1,ANOMALIA,,ANOMALIA
666.0,,86.38672994,,,,76.31671718,5.17202472,0.262600613,-0.13842737840717345,-1,ANOMALIA,,ANOMALIA
858.0,,85.45312207,,,,80.60320127,12.21937836,1.114087748,-0.1415114553941137,-1,ANOMALIA,,ANOMALIA
819.0,,68.0609734,,,,74.87857891,8.280937231,2.355673709,-0.1444010460775702,-1,ANOMALIA,,ANOMALIA
399.0,,75.47314341,,,,75.81905079,12.08420404,1.976504482,-0.14160025040387803,-1,ANOMALIA,,ANOMALIA
1030.0,,71.28515292,,,,76.54294245,7.902835964,2.038030342,-0.14139955547801675,-1,ANOMALIA,,ANOMALIA
620.0,,86.91208597,,,,77.80023973,3.33418469,1.042336434,-0.14175542105867844,-1,ANOMALIA,,ANOMALIA
1459.0,,84.21268905,,,,77.97271433,14.86966956,1.745653813,-0.14084565178589636,-1,ANOMALIA,,ANOMALIA
913.0,,70.21188544,,,,78.06472222,3.160604993,2.805944002,-0.14498529131606008,-1,ANOMALIA,,ANOMALIA
593.0,,74.51319051,,,,77.34780683,6.135191403,1.211968063,-0.1420858655510222,-1,ANOMALIA,,ANOMALIA
391.0,,74.32658699,,,,76.09983844,10.82307721,1.632910991,-0.1430872137451853,-1,ANOMALIA,,ANOMALIA
718.0,,77.05350991,,,,75.12708362,2.938806158,3.194436139,-0.1420889730557069,-1,ANOMALIA,,ANOMALIA
626.0,,83.51737827,,,,78.60073324,6.296280956,2.758977449,-0.14385579484705024,-1,ANOMALIA,,ANOMALIA
1058.0,,79.06874769,,,,81.92085432,5.740930511,2.244358497,-0.1427306443874906,-1,ANOMALIA,,ANOMALIA
805.0,,82.36303583,,,,81.94656804,6.697597147,0.155649761,-0.1422690710565735,-1,ANOMALIA,,ANOMALIA
794.0,,84.4368073,,,,82.19162577,8.134557547,2.057678451,-0.14353594970325922,-1,ANOMALIA,,ANOMALIA
963.0,,75.41650773,,,,77.36978827,7.155380363,6.151323455,-0.1442680227455272,-1,ANOMALIA,,ANOMALIA
895.0,,81.31894986,,,,76.06546036,5.626424687,2.444182626,-0.14312416362159786,-1,ANOMALIA,,ANOMALIA
562.0,,84.06245114,,,,73.76683309,8.619020303,2.668799226,-0.14442879149584664,-1,ANOMALIA,,ANOMALIA
924.0,,72.25480208,,,,76.62563683,8.331432367,1.175183395,-0.14251037390658938,-1,ANOMALIA,,ANOMALIA
535.0,,74.11808511,,,,81.76736141,4.412681253,2.327189854,-0.14425012873664922,-1,ANOMALIA,,ANOMALIA
636.0,,73.32198505,,,,78.52841211,6.981595773,1.517036249,-0.14425012873664922,-1,ANOMALIA,,ANOMALIA
896.0,,79.07773315,,,,78.35161146,5.106726664,4.868988253,-0.14442879149584664,-1,ANOMALIA,,ANOMALIA
1256.0,,83.42495911,,,,77.79832927,5.620646088,2.507053699,-0.14385068557827996,-1,ANOMALIA,,ANOMALIA
1334.0,,81.27620476,,,,79.92586546,6.62564613,1.109298619,-0.14046039994023318,-1,ANOMALIA,,ANOMALIA
911.0,,77.9019753,,,,77.3200312,7.939205502,2.869245424,-0.14097792090739925,-1,ANOMALIA,,ANOMALIA
1435.0,,90.04585756,,,,76.19896602,8.572543197,2.309843193,-0.14423328701752758,-1,ANOMALIA,,ANOMALIA
761.0,,70.42744757,,,,75.93628293,5.35965649,1.638043005,-0.14423328701752758,-1,ANOMALIA,,ANOMALIA
1366.0,,78.23179043,,,,80.92530049,5.54838358,2.258294895,-0.1464611413192124,-1,ANOMALIA,,ANOMALIA
552.0,,88.0874394,,,,77.77133679,4.786406401,3.747532148,-0.1471784144012389,-1,ANOMALIA,,ANOMALIA
701.0,,77.33280416,,,,76.37243677,2.875460079,1.531374512,-0.14583641874692121,-1,ANOMALIA,,ANOMALIA
710.0,,71.0751473,,,,73.81037555,16.16594997,2.560724337,-0.1463738069406597,-1,ANOMALIA,,ANOMALIA
881.0,,86.22380009,,,,73.63149225,1.823706738,2.611214434,-0.14673230252139957,-1,ANOMALIA,,ANOMALIA
388.0,,70.63155778,,,,81.94628375,12.82881802,1.517932149,-0.1475603633313719,-1,ANOMALIA,,ANOMALIA
737.0,,70.89634298,,,,77.61340829,5.908824889,1.831711407,-0.14449816696587636,-1,ANOMALIA,,ANOMALIA
669.0,,74.31645252,,,,74.14268768,3.812912441,3.056460265,-0.14414085199928817,-1,ANOMALIA,,ANOMALIA
663.0,,76.51287375,,,,73.86854525,2.923399719,2.102534969,-0.1446768952881402,-1,ANOMALIA,,ANOMALIA
1033.0,,82.95607829,,,,77.61406156,6.051614999,2.186849669,-0.14462771893183202,-1,ANOMALIA,,ANOMALIA
544.0,,94.07309357,,,,75.71054384,4.292368074,4.914337108,-0.14155698522361404,-1,ANOMALIA,,ANOMALIA
502.0,,78.07530236,,,,74.59122052,5.187412552,2.301391796,-0.14244721016981232,-1,ANOMALIA,,ANOMALIA
1000.0,,89.73362683,,,,75.61763641,3.809594953,2.263667878,-0.14427033550436463,-1,ANOMALIA,,ANOMALIA
1154.0,,78.13854997,,,,82.15168618,1.999086201,1.277658326,-0.14445028084237743,-1,ANOMALIA,,ANOMALIA
801.0,,84.46720455,,,,74.87079172,10.62407743,2.028256825,-0.14654217240232703,-1,ANOMALIA,,ANOMALIA
665.0,,82.51709283,,,,77.411579,4.99443944,1.779222159,-0.14413003197761898,-1,ANOMALIA,,ANOMALIA
963.0,,83.34901283,,,,76.23397889,4.713369672,1.817198766,-0.1450236593437073,-1,ANOMALIA,,ANOMALIA
582.0,,87.89711135,,,,77.5824004,10.29785707,4.251674202,-0.14355741067128336,-1,ANOMALIA,,ANOMALIA
481.0,,81.3657434,,,,78.30909627,8.721202436,2.212565165,-0.14494820364210803,-1,ANOMALIA,,ANOMALIA
537.0,,84.39419559,,,,77.56512708,5.235084955,3.500016983,-0.14211739494655096,-1,ANOMALIA,,ANOMALIA
904.0,,81.59382536,,,,77.89293307,7.532629711,1.351027396,-0.1431551160341965,-1,ANOMALIA,,ANOMALIA
739.0,,77.65847196,,,,77.74944294,6.902708899,1.322024431,-0.142625396369932,-1,ANOMALIA,,ANOMALIA
1331.0,,74.45206159,,,,83.73460583,3.231521189,2.080049324,-0.1446768952881402,-1,ANOMALIA,,ANOMALIA
536.0,,85.26739442,,,,84.55627801,7.415393795,2.544380421,-0.14610278903181562,-1,ANOMALIA,,ANOMALIA
512.0,,69.17384119,,,,75.92649733,6.384516498,1.759595224,-0.14678121321430637,-1,ANOMALIA,,ANOMALIA
1046.0,,67.40503794,,,,79.56981266,5.904739463,2.59087353,-0.14355972948292273,-1,ANOMALIA,,ANOMALIA
630.0,,77.72833586,,,,74.46290377,7.043989472,2.798201015,-0.1417329312116994,-1,ANOMALIA,,ANOMALIA
530.0,,72.06043302,,,,76.47265978,7.371770259,3.304200119,-0.1436293889897432,-1,ANOMALIA,,ANOMALIA
709.0,,85.68049186,,,,75.82708769,7.388941976,2.659268414,-0.14148449397353036,-1,ANOMALIA,,ANOMALIA
501.0,,83.31447358,,,,77.08120593,6.562203857,2.273539013,-0.14135878856302153,-1,ANOMALIA,,ANOMALIA
1286.0,,71.8645535,,,,77.36771884,3.826147648,3.254757157,-0.14283666395644834,-1,ANOMALIA,,ANOMALIA
524.0,,68.35636908,,,,79.28166436,8.185101829,1.864353329,-0.14265842192747302,-1,ANOMALIA,,ANOMALIA
980.0,,80.01259821,,,,76.79780933,9.049000477,1.02072074,-0.14064766454138478,-1,ANOMALIA,,ANOMALIA
571.0,,69.89012285,,,,76.31956202,7.634627697,2.680775148,-0.14171463258928652,-1,ANOMALIA,,ANOMALIA
541.0,,86.09074175,,,,76.65431812,6.35737297,1.723225484,-0.14290306587463664,-1,ANOMALIA,,ANOMALIA
422.0,,71.52253542,,,,77.1760091,9.509489124,1.308560751,-0.1432639476302101,-1,ANOMALIA,,ANOMALIA
430.0,,77.06680054,,,,77.58549323,5.465012499,3.322512546,-0.14720151849069985,-1,ANOMALIA,,ANOMALIA
778.0,,93.59854514,,,,76.96896917,3.484873143,4.932171294,-0.1454054609166585,-1,ANOMALIA,,ANOMALIA
861.0,,66.76317808,,,,85.25899559,4.493413967,3.052897981,-0.1450476664965853,-1,ANOMALIA,,ANOMALIA
801.0,,84.06258244,,,,81.39952372,5.800132136,1.122829918,-0.14529614986683637,-1,ANOMALIA,,ANOMALIA
588.0,,73.37826669,,,,75.67549622,6.519157307,1.870973735,-0.14511725790245844,-1,ANOMALIA,,ANOMALIA
709.0,,80.21703813,,,,75.93220451,5.204610104,2.546201765,-0.1435684442864924,-1,ANOMALIA,,ANOMALIA
1161.0,,74.67580475,,,,75.42774511,4.313888583,1.856955376,-0.14333593123528032,-1,ANOMALIA,,ANOMALIA
1509.0,,90.13896995,,,,75.30299588,5.066364734,1.215184528,-0.14380788767100228,-1,ANOMALIA,,ANOMALIA
805.0,,86.04908446,,,,76.68551918,3.327082866,2.911210625,-0.14380788767100228,-1,ANOMALIA,,ANOMALIA
655.0,,78.80529701,,,,81.70732285,8.471903672,3.378533434,-0.14380788767100228,-1,ANOMALIA,,ANOMALIA
517.0,,80.05967356,,,,75.52423805,5.210714194,2.781936729,-0.14613670848935256,-1,ANOMALIA,,ANOMALIA
591.0,,83.91410103,,,,78.49083331,4.070511474,1.812845755,-0.14554097553054968,-1,ANOMALIA,,ANOMALIA
696.0,,83.36132238,,,,77.59272421,6.976635097,2.645536607,-0.1439599443291535,-1,ANOMALIA,,ANOMALIA
780.0,,75.52746711,,,,74.99287021,5.25603517,2.114896407,-0.14342446926720154,-1,ANOMALIA,,ANOMALIA
866.0,,67.33672702,,,,74.8821863,5.766891163,2.12715587,-0.14378140546591778,-1,ANOMALIA,,ANOMALIA
749.0,,88.64465041,,,,76.55675054,6.224741423,1.830673611,-0.14378140546591778,-1,ANOMALIA,,ANOMALIA
1040.0,,78.22876958,,,,77.64123326,4.027048735,2.310443897,-0.14433264477880547,-1,ANOMALIA,,ANOMALIA
1327.0,,72.36174151,,,,87.54407157,5.781094109,2.286023079,-0.1436293889897432,-1,ANOMALIA,,ANOMALIA
482.0,,75.72898029,,,,77.5420809,6.791549905,1.694399697,-0.14345093747794002,-1,ANOMALIA,,ANOMALIA
1128.0,,71.66781046,,,,77.66240902,8.674373081,1.455921571,-0.14333599265192754,-1,ANOMALIA,,ANOMALIA
823.0,,71.09794903,,,,75.66364503,10.61133234,3.108060926,-0.1436293889897432,-1,ANOMALIA,,ANOMALIA
481.0,,79.7703121,,,,76.51218219,6.414769892,2.62245543,-0.14437017110579897,-1,ANOMALIA,,ANOMALIA
715.0,,87.90080895,,,,76.86964175,6.977153879,3.127147077,-0.14437017110579897,-1,ANOMALIA,,ANOMALIA
777.0,,90.10934981,,,,77.3427578,5.310217663,1.92796711,-0.1436772835060034,-1,ANOMALIA,,ANOMALIA
489.0,,72.27827768,,,,75.41804088,9.22885607,1.440676698,-0.1434614734198698,-1,ANOMALIA,,ANOMALIA
2143.0,,72.49846715,,,,74.38747862,5.925107221,1.680421141,-0.16429140334553272,-1,ANOMALIA,,ANOMALIA
546.0,,76.39858175,,,,74.44467104,3.735397979,1.739177599,-0.16721943930472738,-1,ANOMALIA,,ANOMALIA
997.0,,81.28544233,,,,84.13125189,6.087603739,1.996547469,-0.16652917226570918,-1,ANOMALIA,,ANOMALIA
840.0,,85.87196062,,,,77.62074556,5.910935982,2.867046316,-0.1652191385965921,-1,ANOMALIA,,ANOMALIA
885.0,,82.99573444,,,,78.01662549,6.281356915,1.306826289,-0.16324126650721937,-1,ANOMALIA,,ANOMALIA
897.0,,81.00984162,,,,77.44752392,4.636446543,2.362026558,-0.1607019451778039,-1,ANOMALIA,,ANOMALIA
983.0,,85.32117413,,,,80.39118402,6.521835644,3.415522659,-0.16322239119927662,-1,ANOMALIA,,ANOMALIA
722.0,,83.61454428,,,,77.32992076,2.813665785,1.621221584,-0.1621673916637505,-1,ANOMALIA,,ANOMALIA
1067.0,,77.04324442,,,,77.35028763,4.109890158,2.596118485,-0.16631160677236,-1,ANOMALIA,,ANOMALIA
542.0,,82.56585805,,,,77.8476894,8.099125506,1.634836672,-0.16741930367984925,-1,ANOMALIA,,ANOMALIA
691.0,,79.69139668,,,,76.10441351,5.681365047,0.413226196,-0.16723456552589977,-1,ANOMALIA,,ANOMALIA
499.0,,69.62034279,,,,75.09981779,8.795584313,7.478504946,-0.16305763242719873,-1,ANOMALIA,,ANOMALIA
973.0,,81.04747923,,,,74.68796365,4.873722624,0.951156685,-0.1573769266654863,-1,ANOMALIA,,ANOMALIA
946.0,,79.40818217,,,,77.63406592,6.707001242,4.278407392,-0.15810574564781654,-1,ANOMALIA,,ANOMALIA
594.0,,72.33769303,,,,74.7189057,5.785647553,2.620107064,-0.15847044417184308,-1,ANOMALIA,,ANOMALIA
976.0,,73.16137196,,,,81.15031266,4.262822449,3.320656003,-0.15354181182632642,-1,ANOMALIA,,ANOMALIA
572.0,,83.12086873,,,,77.22501746,6.432936316,2.668228874,-0.15354181182632642,-1,ANOMALIA,,ANOMALIA
621.0,,89.36292788,,,,77.5550223,1.170841376,2.347319063,-0.15759814017928842,-1,ANOMALIA,,ANOMALIA
1235.0,,66.61064249,,,,85.93315531,5.589505083,2.756010986,-0.15944931416294694,-1,ANOMALIA,,ANOMALIA
1007.0,,74.53677104,,,,74.80680614,7.097336389,4.006331779,-0.1609121093689051,-1,ANOMALIA,,ANOMALIA
569.0,,84.20029673,,,,76.07792719,8.260608254,2.78801616,-0.16051898213022286,-1,ANOMALIA,,ANOMALIA
923.0,,73.81682768,,,,77.4185536,5.9397089,4.128663109,-0.15926668213138817,-1,ANOMALIA,,ANOMALIA
654.0,,84.51594621,,,,78.20383921,6.338459494,3.438980783,-0.1570128060035505,-1,ANOMALIA,,ANOMALIA
1032.0,,84.18781183,,,,84.38738912,0.802338474,1.484003364,-0.1512575702701775,-1,ANOMALIA,,ANOMALIA
768.0,,74.76368522,,,,76.45760825,8.669401284,1.477826486,-0.14965337109407972,-1,ANOMALIA,,ANOMALIA
1041.0,,75.81781182,,,,75.80007221,5.166483134,1.005668985,-0.15179925846165054,-1,ANOMALIA,,ANOMALIA
647.0,,70.52732732,,,,77.09138972,8.270053285,3.066045636,-0.15025918534624716,-1,ANOMALIA,,ANOMALIA
500.0,,67.5225927,,,,82.93238211,13.96014886,3.026601004,-0.15195311406348,-1,ANOMALIA,,ANOMALIA
412.0,,89.79459079,,,,76.0441276,4.36654156,5.385198222,-0.15828807081314733,-1,ANOMALIA,,ANOMALIA
549.0,,79.19694687,,,,79.73734362,5.72738184,1.942505323,-0.15792346866311546,-1,ANOMALIA,,ANOMALIA
1031.0,,69.20891404,,,,77.41626471,4.167830604,2.726957259,-0.14241117429140904,-1,ANOMALIA,,ANOMALIA
790.0,,69.0106841,,,,81.43625602,8.891062982,3.31138837,-0.14392700466929964,-1,ANOMALIA,,ANOMALIA
1032.0,,70.36320683,,,,75.70625148,8.270690131,2.676869126,-0.14425770569061358,-1,ANOMALIA,,ANOMALIA
924.0,,75.7992831,,,,76.56397175,6.835463353,2.062347386,-0.14390051779419522,-1,ANOMALIA,,ANOMALIA
499.0,,67.97268081,,,,75.92423307,6.676767864,2.152286883,-0.14241117429140904,-1,ANOMALIA,,ANOMALIA
544.0,,66.89852737,,,,77.11855499,4.029156016,2.296087141,-0.14511614014512175,-1,ANOMALIA,,ANOMALIA
505.0,,85.77671551,,,,82.0680808,6.603779859,1.929350027,-0.1458054290249432,-1,ANOMALIA,,ANOMALIA
885.0,,86.77722259,,,,81.04656257,7.628478897,2.919921011,-0.145473970768773,-1,ANOMALIA,,ANOMALIA
882.0,,76.36820161,,,,76.15327875,3.925168842,2.210078633,-0.14440228494802965,-1,ANOMALIA,,ANOMALIA
936.0,,77.45324168,,,,77.76732805,5.477091915,1.363026625,-0.14442879149584664,-1,ANOMALIA,,ANOMALIA
788.0,,85.35587049,,,,74.62605528,3.310953735,1.945210006,-0.14353594970325922,-1,ANOMALIA,,ANOMALIA
610.0,,82.760357,,,,76.75480669,3.987396883,3.701799793,-0.1439108293971293,-1,ANOMALIA,,ANOMALIA
428.0,,81.1544641,,,,79.05349107,6.124861525,1.135874698,-0.14422362919336273,-1,ANOMALIA,,ANOMALIA
738.0,,80.61457378,,,,74.64100054,6.593811189,2.20141551,-0.14458098792613938,-1,ANOMALIA,,ANOMALIA
517.0,,79.63173554,,,,77.75789942,4.534602727,2.851049588,-0.14458098792613938,-1,ANOMALIA,,ANOMALIA
667.0,,71.6945578,,,,78.38363986,5.834819421,2.038694957,-0.1451544772730914,-1,ANOMALIA,,ANOMALIA
554.0,,80.36764896,,,,77.04629608,9.34525279,2.797016163,-0.14551232816645565,-1,ANOMALIA,,ANOMALIA
586.0,,75.87484055,,,,82.49132521,6.722774867,2.732387526,-0.14551232816645565,-1,ANOMALIA,,ANOMALIA
957.0,,84.53968777,,,,76.01892631,6.208948057,2.545857494,-0.1482869713373164,-1,ANOMALIA,,ANOMALIA
648.0,,90.57875638,,,,81.28162848,7.745250072,1.627197865,-0.15336265397185422,-1,ANOMALIA,,ANOMALIA
1009.0,,87.00739224,,,,82.5224274,7.459583237,3.038278547,-0.1468515370503718,-1,ANOMALIA,,ANOMALIA
629.0,,91.76116725,,,,82.33275985,7.120917667,2.456310435,-0.15148724341194486,-1,ANOMALIA,,ANOMALIA
915.0,,89.25638403,,,,84.61274189,5.455346274,2.498977717,-0.14756852694570144,-1,ANOMALIA,,ANOMALIA
371.0,,75.32020664,,,,74.84327152,5.07480778,1.900460601,-0.15644738630296406,-1,ANOMALIA,,ANOMALIA
898.0,,85.01525963,,,,81.31174434,13.58341972,1.242296723,-0.1540872269571405,-1,ANOMALIA,,ANOMALIA
495.0,,78.52609268,,,,76.48639841,4.438543557,1.428871405,-0.15845078765118892,-1,ANOMALIA,,ANOMALIA
914.0,,92.17334001,,,,85.09802601,4.453000127,2.676788188,-0.15590201418968097,-1,ANOMALIA,,ANOMALIA
1168.0,,87.18967365,,,,78.15795681,3.894231096,1.842436594,-0.147910418376481,-1,ANOMALIA,,ANOMALIA
707.0,,70.69068079,,,,85.86741582,4.488514571,2.391427213,-0.14559741073419752,-1,ANOMALIA,,ANOMALIA
574.0,,72.68553301,,,,76.34289433,8.334916112,4.187982181,-0.14541843915964492,-1,ANOMALIA,,ANOMALIA
717.0,,73.92178589,,,,74.95213012,2.569573628,1.283312146,-0.14868376884116763,-1,ANOMALIA,,ANOMALIA
496.0,,82.93016446,,,,76.18925782,15.46040695,2.552628819,-0.15318163038046795,-1,ANOMALIA,,ANOMALIA
1111.0,,72.26123278,,,,76.78164974,7.195431409,1.435878782,-0.15227722972096547,-1,ANOMALIA,,ANOMALIA
566.0,,79.60322619,,,,75.11438576,7.214433356,1.777656894,-0.15553867293548385,-1,ANOMALIA,,ANOMALIA
708.0,,81.34916224,,,,78.56240642,5.068812985,2.995721818,-0.1535437254125651,-1,ANOMALIA,,ANOMALIA
1537.0,,65.21637383,,,,77.65303258,5.902650249,1.895764475,-0.14118093707238388,-1,ANOMALIA,,ANOMALIA
1201.0,,77.04940719,,,,76.2818507,8.118579755,0.725781644,-0.1436991978054547,-1,ANOMALIA,,ANOMALIA
587.0,,75.67201637,,,,78.19983715,8.095783075,1.057100254,-0.1438512299963458,-1,ANOMALIA,,ANOMALIA
690.0,,68.75585102,,,,73.41157905,6.208755232,2.250550879,-0.14295915092275702,-1,ANOMALIA,,ANOMALIA
397.0,,77.6714575,,,,77.4338282,11.44139542,1.161446823,-0.14483598997114544,-1,ANOMALIA,,ANOMALIA
940.0,,77.65910446,,,,83.42970187,5.036528615,1.534481903,-0.14390557991434905,-1,ANOMALIA,,ANOMALIA
527.0,,77.12542123,,,,75.83481351,7.484247583,2.695506931,-0.1442627704872258,-1,ANOMALIA,,ANOMALIA
679.0,,86.30884451,,,,86.1320727,7.880442478,0.989406989,-0.1441755736778244,-1,ANOMALIA,,ANOMALIA
563.0,,71.90576023,,,,76.66796713,1.567822839,2.826844248,-0.14412119191237283,-1,ANOMALIA,,ANOMALIA
680.0,,70.72586474,,,,75.56262439,6.19247068,1.544709709,-0.1447487192148369,-1,ANOMALIA,,ANOMALIA
647.0,,81.35064409,,,,76.16884442,7.882033072,1.681084366,-0.1447487192148369,-1,ANOMALIA,,ANOMALIA
739.0,,66.33515106,,,,82.20953109,8.951781472,1.622521984,-0.14367271986159091,-1,ANOMALIA,,ANOMALIA
1126.0,,81.58904554,,,,75.29368513,3.422696977,2.049038553,-0.14348794308142487,-1,ANOMALIA,,ANOMALIA
1145.0,,71.00266913,,,,74.06224887,5.686701371,2.96589891,-0.14309417591284534,-1,ANOMALIA,,ANOMALIA
616.0,,87.28599213,,,,77.36287654,5.175949281,1.534142949,-0.1438078876710024,-1,ANOMALIA,,ANOMALIA
845.0,,86.06718086,,,,76.41089699,7.825719783,1.560637789,-0.14291586583463411,-1,ANOMALIA,,ANOMALIA
496.0,,85.73009872,,,,74.58859679,6.77725727,2.576025082,-0.1439864335341856,-1,ANOMALIA,,ANOMALIA
380.0,,81.82903054,,,,77.90534967,6.411880481,3.040397864,-0.14380788767100228,-1,ANOMALIA,,ANOMALIA
887.0,,81.34195555,,,,77.35288294,9.062877545,3.330726218,-0.1436293889897432,-1,ANOMALIA,,ANOMALIA
1179.0,,71.43085438,,,,75.67839738,6.162965271,0.736781032,-0.14514372580506585,-1,ANOMALIA,,ANOMALIA
565.0,,79.31081993,,,,76.51212534,14.47957576,3.026680688,-0.14334686646044892,-1,ANOMALIA,,ANOMALIA
1089.0,,74.78036457,,,,75.95855978,13.376654,2.219507717,-0.14411925024450023,-1,ANOMALIA,,ANOMALIA
675.0,,82.77298049,,,,76.67654183,3.520088933,2.079198375,-0.14345093747794002,-1,ANOMALIA,,ANOMALIA
534.0,,76.08016384,,,,76.20939618,6.387971676,3.210711543,-0.14360291378275625,-1,ANOMALIA,,ANOMALIA
1297.0,,72.3863118,,,,77.83313998,3.442698113,1.277926224,-0.14664015227179727,-1,ANOMALIA,,ANOMALIA
619.0,,88.3346158,,,,79.78197425,8.247605371,2.511699413,-0.14646090514590349,-1,ANOMALIA,,ANOMALIA
614.0,,79.78834057,,,,76.91387287,3.654726062,2.284569489,-0.14628170538724705,-1,ANOMALIA,,ANOMALIA
935.0,,75.19104566,,,,76.02807204,5.480947786,3.19790943,-0.1439036388659708,-1,ANOMALIA,,ANOMALIA
792.0,,68.95849789,,,,75.32856355,6.1445404,0.735619185,-0.14288636357305118,-1,ANOMALIA,,ANOMALIA
971.0,,73.42432407,,,,77.25420533,6.670373082,1.895137372,-0.14335036939425516,-1,ANOMALIA,,ANOMALIA
639.0,,80.65363376,,,,74.88782749,4.721771294,1.417380224,-0.14067402388234096,-1,ANOMALIA,,ANOMALIA
1008.0,,66.9709354,,,,72.98607904,9.541675103,1.27546244,-0.14175181009909132,-1,ANOMALIA,,ANOMALIA
1013.0,,71.47839754,,,,74.78587681,8.349537852,2.272053348,-0.1403350699566308,-1,ANOMALIA,,ANOMALIA
626.0,,72.52736741,,,,86.71948305,6.20352397,2.540162503,-0.1410458633391246,-1,ANOMALIA,,ANOMALIA
672.0,,74.61167005,,,,76.06702978,6.169548912,3.170248023,-0.1447584986146958,-1,ANOMALIA,,ANOMALIA
1583.0,,82.43852034,,,,82.01243363,6.0831389,2.781231617,-0.14173493611372734,-1,ANOMALIA,,ANOMALIA
872.0,,81.08317531,,,,77.82973994,7.33699729,1.631873479,-0.1420858655510222,-1,ANOMALIA,,ANOMALIA
722.0,,77.95609224,,,,77.85182088,6.150237921,4.854586184,-0.1438761120249954,-1,ANOMALIA,,ANOMALIA
1185.0,,67.80543559,,,,83.60575208,4.745544577,1.544882328,-0.14462899650707184,-1,ANOMALIA,,ANOMALIA
405.0,,70.06387003,,,,76.68874762,5.171750586,1.636251072,-0.14467561762241588,-1,ANOMALIA,,ANOMALIA
1086.0,,82.62726219,,,,77.04368528,3.765344712,1.811358686,-0.14525046596894864,-1,ANOMALIA,,ANOMALIA
752.0,,85.00367249,,,,77.21227745,5.365836692,2.682838542,-0.14560836761372342,-1,ANOMALIA,,ANOMALIA
854.0,,70.13915142,,,,83.98789429,10.27598283,1.610027008,-0.14391441715914888,-1,ANOMALIA,,ANOMALIA
938.0,,68.90939994,,,,81.54483964,6.109775368,1.444430617,-0.14459065085661604,-1,ANOMALIA,,ANOMALIA
1103.0,,74.89609101,,,,77.02291552,7.848660723,3.064995766,-0.14516542698677604,-1,ANOMALIA,,ANOMALIA
775.0,,70.96918025,,,,74.87528886,6.825079541,1.142140514,-0.14516542698677604,-1,ANOMALIA,,ANOMALIA
1048.0,,80.49122825,,,,82.1328633,7.099990708,3.768879364,-0.14973104249118052,-1,ANOMALIA,,ANOMALIA
908.0,,77.37121538,,,,81.6329511,4.897281715,2.225713178,-0.15331462111529548,-1,ANOMALIA,,ANOMALIA
711.0,,87.93355551,,,,85.74238726,7.959514618,2.135120524,-0.1525004167616517,-1,ANOMALIA,,ANOMALIA
367.0,,72.21062605,,,,75.49990447,4.256093122,1.603433779,-0.1450236593437073,-1,ANOMALIA,,ANOMALIA
834.0,,72.9241561,,,,88.60273387,3.652050151,1.955598594,-0.14819456036909573,-1,ANOMALIA,,ANOMALIA
512.0,,75.07329256,,,,80.84318484,6.619944062,1.158087783,-0.1454185524918833,-1,ANOMALIA,,ANOMALIA
496.0,,81.78973153,,,,86.34149912,7.044184329,1.43484187,-0.14351912577922465,-1,ANOMALIA,,ANOMALIA
956.0,,79.43480476,,,,76.75962719,4.666259575,1.299379346,-0.14538144107065187,-1,ANOMALIA,,ANOMALIA
822.0,,83.38450257,,,,77.75719729,3.570197337,1.795399718,-0.14518554727887523,-1,ANOMALIA,,ANOMALIA
468.0,,82.89547708,,,,79.85779688,7.339342575,1.333240965,-0.14480648149810815,-1,ANOMALIA,,ANOMALIA
716.0,,91.62960872,,,,75.36607032,7.098555583,1.367217072,-0.14280350830012334,-1,ANOMALIA,,ANOMALIA
607.0,,67.44994677,,,,77.96952283,7.188208573,0.996438857,-0.14337048851830214,-1,ANOMALIA,,ANOMALIA
805.0,,76.28472096,,,,76.68654698,11.76667358,1.769592947,-0.14283548063565155,-1,ANOMALIA,,ANOMALIA
482.0,,85.99130471,,,,76.43028872,7.348635037,3.410127161,-0.14351798410093464,-1,ANOMALIA,,ANOMALIA
649.0,,79.68615571,,,,78.65628124,4.496855883,2.401344673,-0.14351798410093464,-1,ANOMALIA,,ANOMALIA
491.0,,81.06015251,,,,77.8866752,6.243481895,0.893448511,-0.14410843056868605,-1,ANOMALIA,,ANOMALIA
1363.0,,89.77546423,,,,84.85299611,4.376828199,5.052523359,-0.1423147960610891,-1,ANOMALIA,,ANOMALIA
934.0,,74.58541843,,,,74.84466195,6.937541795,1.292789211,-0.14140546937570908,-1,ANOMALIA,,ANOMALIA
1288.0,,82.00165777,,,,76.41165191,13.27609129,3.230853645,-0.14678121321430637,-1,ANOMALIA,,ANOMALIA
950.0,,87.24483141,,,,77.72622706,13.11044077,2.616091599,-0.14127499110418595,-1,ANOMALIA,,ANOMALIA
635.0,,91.01856525,,,,75.87701368,10.17227075,5.517483928,-0.14333956202860942,-1,ANOMALIA,,ANOMALIA
709.0,,79.52450289,,,,76.89156158,7.343082196,2.037337711,-0.14333956202860942,-1,ANOMALIA,,ANOMALIA
521.0,,80.33262745,,,,75.58506168,7.056943341,2.418158245,-0.14138517578491472,-1,ANOMALIA,,ANOMALIA
786.0,,85.18110998,,,,78.42448991,11.26051884,2.502196729,-0.13884002966777698,-1,ANOMALIA,,ANOMALIA
448.0,,73.60070053,,,,83.96671616,7.219824274,3.218888274,-0.14048634484609213,-1,ANOMALIA,,ANOMALIA
518.0,,66.80763915,,,,82.57116137,8.248790385,2.914021317,-0.1413066092644074,-1,ANOMALIA,,ANOMALIA
540.0,,79.20035155,,,,74.59381393,3.831530994,2.944296059,-0.14171463258928652,-1,ANOMALIA,,ANOMALIA
561.0,,70.13353038,,,,77.68883641,9.53178914,2.78853329,-0.14467010038842976,-1,ANOMALIA,,ANOMALIA
812.0,,74.15727582,,,,77.87184264,3.923613952,1.4355975,-0.15139463565646616,-1,ANOMALIA,,ANOMALIA
779.0,,78.87864392,,,,76.15160876,5.687651246,1.433893617,-0.15139463565646616,-1,ANOMALIA,,ANOMALIA
556.0,,80.14592911,,,,78.41686489,5.618928186,1.668414199,-0.15689149293921245,-1,ANOMALIA,,ANOMALIA
1003.0,,77.92372203,,,,76.74198839,5.402622308,1.048219179,-0.15434847833439236,-1,ANOMALIA,,ANOMALIA
860.0,,88.94029409,,,,74.65427745,7.996621579,2.489548574,-0.15308049519347489,-1,ANOMALIA,,ANOMALIA
706.0,,81.83811437,,,,76.69952747,6.128531743,2.106175504,-0.15094258506020275,-1,ANOMALIA,,ANOMALIA
587.0,,81.72899229,,,,76.0947077,8.312614549,1.325188616,-0.15374552791357599,-1,ANOMALIA,,ANOMALIA
922.0,,87.35718483,,,,75.73914859,6.95568102,2.697845186,-0.14928351808152063,-1,ANOMALIA,,ANOMALIA
1011.0,,87.11665066,,,,75.85988697,0.451073145,1.72224853,-0.14673845558658105,-1,ANOMALIA,,ANOMALIA
758.0,,81.6880215,,,,81.76118045,1.226343206,1.015933556,-0.14709714396536788,-1,ANOMALIA,,ANOMALIA
583.0,,72.55138615,,,,78.3858597,5.294153093,1.85210759,-0.14817434738317148,-1,ANOMALIA,,ANOMALIA
397.0,,75.08744138,,,,76.09238802,5.737016106,0.98865443,-0.14892367432779885,-1,ANOMALIA,,ANOMALIA
966.0,,90.4870456,,,,77.3766384,8.061114245,1.087021379,-0.14673845558658105,-1,ANOMALIA,,ANOMALIA
583.0,,71.00004546,,,,77.78823497,3.788787607,1.21311947,-0.14655918248338684,-1,ANOMALIA,,ANOMALIA
662.0,,83.4730168,,,,78.22422824,4.49052052,1.301790037,-0.14673845558658105,-1,ANOMALIA,,ANOMALIA
790.0,,80.32402027,,,,87.57330929,9.162122911,2.048472916,-0.146021647368344,-1,ANOMALIA,,ANOMALIA
519.0,,78.23946108,,,,76.40950921,4.980771683,2.603721045,-0.14763553215247682,-1,ANOMALIA,,ANOMALIA
489.0,,70.01327957,,,,75.31783229,7.325900916,3.128338251,-0.14763553215247682,-1,ANOMALIA,,ANOMALIA
526.0,,76.18677811,,,,82.01845964,13.13773173,2.500653952,-0.1551755236865684,-1,ANOMALIA,,ANOMALIA
604.0,,84.65657819,,,,75.87940895,6.852550497,1.79774938,-0.1571752220871081,-1,ANOMALIA,,ANOMALIA
1280.0,,77.46043378,,,,77.25404267,7.221169887,3.227294347,-0.1571752220871081,-1,ANOMALIA,,ANOMALIA
751.0,,75.30806542,,,,78.14970411,3.232059685,1.780487076,-0.159915794787593,-1,ANOMALIA,,ANOMALIA
909.0,,73.73373418,,,,79.00222348,5.652577907,1.433371313,-0.15662927312004404,-1,ANOMALIA,,ANOMALIA
980.0,,65.19769951,,,,73.74935612,6.946913764,3.655490879,-0.1540872269571405,-1,ANOMALIA,,ANOMALIA
759.0,,85.9934161,,,,76.72128476,6.114424066,2.048741754,-0.15336265397185422,-1,ANOMALIA,,ANOMALIA
679.0,,77.74818146,,,,84.13806782,2.531894311,1.871692019,-0.1540872269571405,-1,ANOMALIA,,ANOMALIA
543.0,,88.0927524,,,,81.48294003,5.951917798,2.101911694,-0.15336265397185422,-1,ANOMALIA,,ANOMALIA
1320.0,,78.96310155,,,,80.53659431,6.779424739,2.422881861,-0.14632998934236607,-1,ANOMALIA,,ANOMALIA
663.0,,78.71224985,,,,75.92676164,5.44995519,0.983850392,-0.14497562274663245,-1,ANOMALIA,,ANOMALIA
701.0,,75.17982238,,,,83.47246393,5.957214017,3.986627195,-0.14458098792613938,-1,ANOMALIA,,ANOMALIA
569.0,,77.30948959,,,,74.5919155,4.458156197,2.400935815,-0.14551232816645565,-1,ANOMALIA,,ANOMALIA
975.0,,89.61064854,,,,81.85690884,3.436134987,1.413888889,-0.14590799903933738,-1,ANOMALIA,,ANOMALIA
523.0,,90.30814983,,,,78.42849102,6.639511551,2.150149092,-0.14670127182074666,-1,ANOMALIA,,ANOMALIA
761.0,,68.83460165,,,,75.90878459,7.514691591,1.50813992,-0.14551232816645565,-1,ANOMALIA,,ANOMALIA
904.0,,88.31969015,,,,75.8790468,7.780998684,1.711286576,-0.14551232816645565,-1,ANOMALIA,,ANOMALIA
1521.0,,76.17671097,,,,77.6763855,6.73725678,2.019259385,-0.14441354951046226,-1,ANOMALIA,,ANOMALIA
516.0,,72.43674572,,,,81.0532459,3.43391761,2.312806856,-0.14348794308142487,-1,ANOMALIA,,ANOMALIA
629.0,,74.95259259,,,,88.62279222,4.314284437,2.665642191,-0.1441755736778244,-1,ANOMALIA,,ANOMALIA
790.0,,83.73275861,,,,85.15694104,9.260903495,2.20711127,-0.1431374724423623,-1,ANOMALIA,,ANOMALIA
869.0,,78.79049062,,,,78.41106851,5.31025725,0.784706166,-0.1434942568993185,-1,ANOMALIA,,ANOMALIA
945.0,,75.43535683,,,,76.69807139,3.353950794,1.502761083,-0.1438777149390308,-1,ANOMALIA,,ANOMALIA
1223.0,,75.21818661,,,,74.16114253,5.65741539,3.278998978,-0.1436964533349342,-1,ANOMALIA,,ANOMALIA
1384.0,,86.34632501,,,,77.78951386,12.14284087,3.785984041,-0.1428883719091738,-1,ANOMALIA,,ANOMALIA
946.0,,64.58149398,,,,87.25092099,3.863066946,1.449658463,-0.14411820898954064,-1,ANOMALIA,,ANOMALIA
830.0,,80.32461847,,,,75.42491476,6.471500104,2.429485003,-0.14369759531499993,-1,ANOMALIA,,ANOMALIA
1124.0,,66.88456062,,,,75.13755147,1.813251616,1.799600588,-0.14560836761372342,-1,ANOMALIA,,ANOMALIA
823.0,,71.89963533,,,,76.70341299,2.919108164,2.97767107,-0.14686356434005943,-1,ANOMALIA,,ANOMALIA
710.0,,75.02954183,,,,76.44985252,6.530769571,2.855587169,-0.1481572967933702,-1,ANOMALIA,,ANOMALIA
628.0,,84.79508363,,,,76.11393027,6.671608398,2.586010835,-0.15174006045223676,-1,ANOMALIA,,ANOMALIA
840.0,,79.62446236,,,,83.44104638,5.26762219,2.09115582,-0.1526812602902553,-1,ANOMALIA,,ANOMALIA
569.0,,75.5320678,,,,76.10963977,7.633607685,3.286169701,-0.1454185524918833,-1,ANOMALIA,,ANOMALIA
496.0,,75.11678322,,,,76.19984659,7.724722874,2.341019239,-0.14595560923870643,-1,ANOMALIA,,ANOMALIA
615.0,,86.74351432,,,,74.8057878,1.28678917,1.585029704,-0.1437346144386754,-1,ANOMALIA,,ANOMALIA
370.0,,79.54199466,,,,77.21526755,6.713390234,2.592523433,-0.1422690710565735,-1,ANOMALIA,,ANOMALIA
448.0,,77.05492303,,,,76.61852704,13.41128319,2.534686426,-0.1438857856810034,-1,ANOMALIA,,ANOMALIA
739.0,,92.73184378,,,,77.67058784,6.69971841,2.924731694,-0.14370726641468046,-1,ANOMALIA,,ANOMALIA
576.0,,79.28007302,,,,73.41123256,5.735033887,2.883196307,-0.1438857856810034,-1,ANOMALIA,,ANOMALIA
582.0,,88.16974513,,,,75.86056714,5.801183494,3.65621534,-0.14366640437478817,-1,ANOMALIA,,ANOMALIA
780.0,,79.38836427,,,,87.79319765,6.541896053,1.303481428,-0.14396909896382248,-1,ANOMALIA,,ANOMALIA
685.0,,87.52646514,,,,75.77190098,5.785641512,2.032577537,-0.14313116196096398,-1,ANOMALIA,,ANOMALIA
782.0,,77.37116979,,,,76.43830417,8.56439345,2.511618166,-0.14389282264220304,-1,ANOMALIA,,ANOMALIA
847.0,,69.54319352,,,,77.64375934,6.985322435,3.359049516,-0.14356861465581994,-1,ANOMALIA,,ANOMALIA
887.0,,81.65293378,,,,76.30812372,7.417346634,1.864806525,-0.14146793538831248,-1,ANOMALIA,,ANOMALIA
887.0,,75.12396606,,,,77.90613712,6.797956157,1.064139576,-0.14316118710549564,-1,ANOMALIA,,ANOMALIA
854.0,,83.47121288,,,,76.14305045,4.926447648,2.525502423,-0.1428045786570682,-1,ANOMALIA,,ANOMALIA
656.0,,86.25978976,,,,75.63930854,5.105646317,1.614635996,-0.14425012873664922,-1,ANOMALIA,,ANOMALIA
699.0,,79.45571762,,,,76.85278503,3.331015429,0.805562024,-0.1437144236860428,-1,ANOMALIA,,ANOMALIA
1606.0,,87.88562744,,,,76.97447105,5.503495054,1.675167803,-0.14234295472382263,-1,ANOMALIA,,ANOMALIA
817.0,,69.32056161,,,,76.26651168,7.377102603,1.521308242,-0.14252111336646955,-1,ANOMALIA,,ANOMALIA
894.0,,76.30568819,,,,74.51936582,8.618690217,0.824224067,-0.14287757194033968,-1,ANOMALIA,,ANOMALIA
621.0,,75.24289129,,,,75.83255821,9.945979303,1.448946567,-0.14387496974307412,-1,ANOMALIA,,ANOMALIA
676.0,,68.77949551,,,,75.10503626,4.014879862,2.983216075,-0.14031872975886184,-1,ANOMALIA,,ANOMALIA
716.0,,77.47106159,,,,77.61123089,4.975387382,1.145154993,-0.14440228494802965,-1,ANOMALIA,,ANOMALIA
552.0,,65.6732725,,,,75.45311259,4.855246799,2.849956465,-0.14497562274663245,-1,ANOMALIA,,ANOMALIA
966.0,,82.85768629,,,,75.28473986,8.427977649,1.770769208,-0.14709714396536788,-1,ANOMALIA,,ANOMALIA
761.0,,75.46511108,,,,77.63778309,6.29386227,1.252481553,-0.1464077833858619,-1,ANOMALIA,,ANOMALIA
1621.0,,71.79632562,,,,78.56365877,3.342588654,1.015608455,-0.1428894186015499,-1,ANOMALIA,,ANOMALIA
996.0,,79.70216042,,,,76.75405893,6.673206631,2.771706855,-0.14309417591284534,-1,ANOMALIA,,ANOMALIA
1499.0,,74.56120639,,,,78.28365169,6.530456608,2.538132193,-0.14692946817638353,-1,ANOMALIA,,ANOMALIA
862.0,,63.61718586,,,,75.90760598,4.462318553,1.824859725,-0.14692946817638353,-1,ANOMALIA,,ANOMALIA
645.0,,91.14581683,,,,74.44079863,6.011060261,3.372621873,-0.14467091202353444,-1,ANOMALIA,,ANOMALIA
726.0,,65.6091507,,,,83.98750795,6.347151307,2.250761224,-0.14468928341685905,-1,ANOMALIA,,ANOMALIA
914.0,,74.9742769,,,,84.83697761,9.607924349,2.534476996,-0.14696054500609712,-1,ANOMALIA,,ANOMALIA
1091.0,,80.32297074,,,,84.05806407,5.022005122,3.241100416,-0.14560836761372342,-1,ANOMALIA,,ANOMALIA
737.0,,82.50302116,,,,77.7897889,7.204581113,2.82073315,-0.14722231886669468,-1,ANOMALIA,,ANOMALIA
628.0,,72.59569966,,,,80.9200354,13.76926041,2.339963009,-0.14722231886669468,-1,ANOMALIA,,ANOMALIA
601.0,,78.06824787,,,,75.79442361,2.33720087,2.495572971,-0.14722231886669468,-1,ANOMALIA,,ANOMALIA
1063.0,,74.53617347,,,,78.12703377,11.88618156,1.192207881,-0.15043950985756216,-1,ANOMALIA,,ANOMALIA
662.0,,86.18190153,,,,76.91175243,8.75979063,1.05824716,-0.1509805491725178,-1,ANOMALIA,,ANOMALIA
944.0,,84.49419092,,,,78.1755495,8.249719312,3.122879827,-0.15170260254573276,-1,ANOMALIA,,ANOMALIA
634.0,,74.95564298,,,,77.97362857,1.364795774,1.887486386,-0.1509805491725178,-1,ANOMALIA,,ANOMALIA
729.0,,79.59228827,,,,78.80196301,5.825322967,2.464401959,-0.1515220176339045,-1,ANOMALIA,,ANOMALIA
530.0,,78.16467134,,,,76.45191225,2.779284043,2.797448267,-0.1476666055891439,-1,ANOMALIA,,ANOMALIA
925.0,,78.00412257,,,,75.37625916,3.379855821,3.268657176,-0.1476666055891439,-1,ANOMALIA,,ANOMALIA
750.0,,79.40488845,,,,76.63794498,7.631014562,2.911683498,-0.14676948798813672,-1,ANOMALIA,,ANOMALIA
902.0,,75.56599293,,,,81.42356272,5.506638716,2.291460383,-0.14878200852068757,-1,ANOMALIA,,ANOMALIA
1069.0,,72.21271275,,,,72.76674656,4.980654695,3.202777876,-0.15196911821605452,-1,ANOMALIA,,ANOMALIA
531.0,,73.44799886,,,,77.51840051,5.961368328,2.831200933,-0.14345298352669977,-1,ANOMALIA,,ANOMALIA
535.0,,82.22937067,,,,75.40213959,6.649382167,2.509934443,-0.14484356140376686,-1,ANOMALIA,,ANOMALIA
1273.0,,88.43411568,,,,78.80520551,5.127918353,1.322969347,-0.1449865695667829,-1,ANOMALIA,,ANOMALIA
1099.0,,84.2048848,,,,74.82565721,10.39417748,1.758073952,-0.14668425817605046,-1,ANOMALIA,,ANOMALIA
406.0,,77.15634185,,,,75.95806721,3.420953507,3.021717598,-0.14560836761372342,-1,ANOMALIA,,ANOMALIA
838.0,,86.31434267,,,,86.37594358,6.18930982,1.730792705,-0.14617319886883717,-1,ANOMALIA,,ANOMALIA
537.0,,74.56281898,,,,76.83444042,10.1770417,2.876193696,-0.14659020668442535,-1,ANOMALIA,,ANOMALIA
683.0,,69.17010543,,,,77.42847337,10.89710208,3.891155602,-0.14560836761372342,-1,ANOMALIA,,ANOMALIA
1073.0,,78.0387269,,,,74.3896665,3.499127343,2.599046387,-0.1460155008045374,-1,ANOMALIA,,ANOMALIA
1110.0,,72.48881185,,,,74.89955239,4.697183074,2.317045939,-0.14504505378266352,-1,ANOMALIA,,ANOMALIA
982.0,,73.0484552,,,,76.33439804,7.665391403,2.449049831,-0.14504505378266352,-1,ANOMALIA,,ANOMALIA
504.0,,82.93630058,,,,81.41786316,6.02519117,1.513985722,-0.14612127046571832,-1,ANOMALIA,,ANOMALIA
866.0,,71.5855513,,,,78.99241849,4.099512542,1.099195011,-0.14612127046571832,-1,ANOMALIA,,ANOMALIA
863.0,,75.8490956,,,,88.42386186,6.892567746,2.146167651,-0.1456106353047557,-1,ANOMALIA,,ANOMALIA
634.0,,77.2488714,,,,82.04421653,11.74519053,1.706863942,-0.1463590261383323,-1,ANOMALIA,,ANOMALIA
697.0,,81.75371689,,,,76.25895324,2.474715945,1.957102121,-0.14612127046571832,-1,ANOMALIA,,ANOMALIA
701.0,,84.11414415,,,,75.09814308,4.482216445,1.512679463,-0.1439108293971293,-1,ANOMALIA,,ANOMALIA
555.0,,83.62292674,,,,82.89391042,0.625999717,3.108186393,-0.14407151319026645,-1,ANOMALIA,,ANOMALIA
444.0,,81.55608815,,,,74.05554878,7.542188142,1.687151165,-0.14565295702179915,-1,ANOMALIA,,ANOMALIA
579.0,,83.57065581,,,,77.24114393,4.038914619,1.404801741,-0.14565295702179915,-1,ANOMALIA,,ANOMALIA
1341.0,,75.10064279,,,,77.22870576,14.86914018,1.658590657,-0.1406695788869744,-1,ANOMALIA,,ANOMALIA
568.0,,82.94701607,,,,78.17779982,6.200137387,1.97545269,-0.14133299444051428,-1,ANOMALIA,,ANOMALIA
1004.0,,73.00496763,,,,81.92349285,4.720632153,2.610429528,-0.14031872975886184,-1,ANOMALIA,,ANOMALIA
902.0,,75.00542322,,,,78.60021534,5.635402126,0.393704565,-0.14072170879315815,-1,ANOMALIA,,ANOMALIA
855.0,,74.4010374,,,,85.95224781,5.900080927,2.045913567,-0.13896308416736958,-1,ANOMALIA,,ANOMALIA
805.0,,81.2242681,,,,77.33852978,7.442839879,2.751056889,-0.14042655317533737,-1,ANOMALIA,,ANOMALIA
393.0,,87.48892235,,,,75.34062983,18.41824809,1.500020071,-0.1406157191714721,-1,ANOMALIA,,ANOMALIA
766.0,,65.90760433,,,,75.40208888,12.27024893,1.944767603,-0.1406157191714721,-1,ANOMALIA,,ANOMALIA
799.0,,69.32294962,,,,77.14148439,5.291652866,2.23529831,-0.13965211535419486,-1,ANOMALIA,,ANOMALIA
282.0,,74.81463618,,,,77.47628451,5.985888799,1.2275029,-0.14421261900118865,-1,ANOMALIA,,ANOMALIA
908.0,,81.33803182,,,,77.85058323,6.483142044,6.826048275,-0.14402978731605243,-1,ANOMALIA,,ANOMALIA
1134.0,,73.76635618,,,,75.49839239,7.141066205,3.538895973,-0.14282240326841156,-1,ANOMALIA,,ANOMALIA
836.0,,73.89714826,,,,75.91002603,4.624212528,0.998205316,-0.14085174138241097,-1,ANOMALIA,,ANOMALIA
452.0,,68.68016957,,,,74.7092951,5.556582761,2.922042981,-0.14148449397353036,-1,ANOMALIA,,ANOMALIA
638.0,,67.16773119,,,,78.16476019,4.268695399,1.735175468,-0.14175181009909132,-1,ANOMALIA,,ANOMALIA
1234.0,,72.99887471,,,,76.75907111,5.844859861,3.206803532,-0.14277035120514414,-1,ANOMALIA,,ANOMALIA
657.0,,77.53383494,,,,78.52986988,6.300935462,1.583625337,-0.14049214942000932,-1,ANOMALIA,,ANOMALIA
1109.0,,82.46817807,,,,77.46951823,6.9576559,1.255467599,-0.1416245752249815,-1,ANOMALIA,,ANOMALIA
584.0,,63.53942949,,,,77.31439322,4.619378831,2.802962933,-0.14277035120514414,-1,ANOMALIA,,ANOMALIA
1260.0,,91.60013446,,,,76.09139644,5.193181186,3.089205161,-0.14313116196096398,-1,ANOMALIA,,ANOMALIA
562.0,,78.16796868,,,,76.54417427,8.740706129,1.805732125,-0.1434614734198698,-1,ANOMALIA,,ANOMALIA
916.0,,89.48258113,,,,78.41662973,6.281865942,1.842295237,-0.1433423050488326,-1,ANOMALIA,,ANOMALIA
987.0,,73.644605,,,,78.5932737,3.870395218,2.417034628,-0.14389282264220304,-1,ANOMALIA,,ANOMALIA
1507.0,,89.66274049,,,,77.92053401,4.900020884,1.617427597,-0.1445105518209503,-1,ANOMALIA,,ANOMALIA
539.0,,83.67923363,,,,76.39783273,4.25991694,2.386211315,-0.14500018927363223,-1,ANOMALIA,,ANOMALIA
1463.0,,79.35462356,,,,82.96432832,5.299983889,2.644055719,-0.1519143531391115,-1,ANOMALIA,,ANOMALIA
551.0,,82.33837043,,,,74.88851704,5.327157484,1.44482783,-0.1517337122707898,-1,ANOMALIA,,ANOMALIA
1294.0,,85.01906217,,,,78.22617184,6.811442581,1.182381005,-0.1581719029919244,-1,ANOMALIA,,ANOMALIA
853.0,,73.07272756,,,,86.14057289,4.465336169,2.82918899,-0.15478282571338575,-1,ANOMALIA,,ANOMALIA
687.0,,80.96307165,,,,76.22503198,4.276250934,1.113376203,-0.15644400123399793,-1,ANOMALIA,,ANOMALIA
276.0,,71.44680796,,,,76.73441171,7.291025761,2.606828672,-0.1510116260268055,-1,ANOMALIA,,ANOMALIA
461.0,,82.39486388,,,,74.79630382,8.730033422,2.086720623,-0.1573769266654863,-1,ANOMALIA,,ANOMALIA
1335.0,,79.9257705,,,,74.08573752,10.27293722,4.118228368,-0.15942221873075313,-1,ANOMALIA,,ANOMALIA
892.0,,87.03468664,,,,80.3270033,7.424992483,1.162391868,-0.15942221873075313,-1,ANOMALIA,,ANOMALIA
1005.0,,78.93385955,,,,86.56582017,6.725166457,1.253641542,-0.16015320106986697,-1,ANOMALIA,,ANOMALIA
686.0,,88.99498839,,,,76.00755455,5.813183691,2.50513748,-0.15976050460877256,-1,ANOMALIA,,ANOMALIA
404.0,,76.967926,,,,78.14175766,9.902527372,1.544965681,-0.15976050460877256,-1,ANOMALIA,,ANOMALIA
811.0,,79.2257782,,,,74.88168658,10.33251878,1.860208587,-0.15976050460877256,-1,ANOMALIA,,ANOMALIA
712.0,,87.46633328,,,,76.52161916,6.077248022,2.020301247,-0.15976050460877256,-1,ANOMALIA,,ANOMALIA
544.0,,77.02241157,,,,73.57211311,16.37622331,2.850317442,-0.1581719029919244,-1,ANOMALIA,,ANOMALIA
1344.0,,79.09651743,,,,77.12549354,8.596405323,1.306151669,-0.16161748610103965,-1,ANOMALIA,,ANOMALIA
848.0,,77.87564948,,,,86.77647934,2.86629221,2.521902353,-0.15926668213138817,-1,ANOMALIA,,ANOMALIA
939.0,,81.71540653,,,,73.71447355,5.580709479,1.758184529,-0.1599974999555348,-1,ANOMALIA,,ANOMALIA
609.0,,92.31880245,,,,76.98598449,1.386040977,2.820138205,-0.16054612056306117,-1,ANOMALIA,,ANOMALIA
576.0,,84.7286058,,,,76.5758931,7.296644609,1.5778084,-0.16036319869316418,-1,ANOMALIA,,ANOMALIA
768.0,,74.00601953,,,,77.04468841,5.87121804,1.972228463,-0.15707885852184011,-1,ANOMALIA,,ANOMALIA
1036.0,,90.50329937,,,,76.6747404,8.964665045,2.328977277,-0.15762516409509764,-1,ANOMALIA,,ANOMALIA
892.0,,82.03707345,,,,76.83551005,12.29772043,4.047633218,-0.1512575702701775,-1,ANOMALIA,,ANOMALIA
465.0,,80.62502639,,,,73.60695504,6.407768086,5.278919322,-0.1583542456443916,-1,ANOMALIA,,ANOMALIA
610.0,,79.74963558,,,,76.0666096,4.3482593,3.500529827,-0.15137257372816104,-1,ANOMALIA,,ANOMALIA
546.0,,78.06419846,,,,76.69412605,7.208806144,2.037583377,-0.15137257372816104,-1,ANOMALIA,,ANOMALIA
1140.0,,75.95362289,,,,80.77329868,5.074697873,2.140442533,-0.15555824651080508,-1,ANOMALIA,,ANOMALIA
1176.0,,85.38070899,,,,77.70125945,5.246207525,2.928504973,-0.15778033117106394,-1,ANOMALIA,,ANOMALIA
785.0,,72.03196537,,,,75.21324912,4.161417661,2.984932301,-0.1468235648808366,-1,ANOMALIA,,ANOMALIA
1205.0,,85.36679667,,,,76.78901811,4.859712028,3.087607391,-0.14784370766508614,-1,ANOMALIA,,ANOMALIA
813.0,,77.23755386,,,,76.21797975,8.60506641,1.668093683,-0.14271011621603036,-1,ANOMALIA,,ANOMALIA
885.0,,71.35190737,,,,77.16205408,7.179889206,2.455018689,-0.14479592456620494,-1,ANOMALIA,,ANOMALIA
778.0,,76.77325998,,,,77.70885984,4.647124038,2.495398628,-0.1422330804437102,-1,ANOMALIA,,ANOMALIA
1324.0,,82.32345319,,,,76.60858206,5.053602382,3.943272653,-0.14539100211118594,-1,ANOMALIA,,ANOMALIA
833.0,,70.93811193,,,,76.56045064,6.281994196,1.660213894,-0.14515358588458405,-1,ANOMALIA,,ANOMALIA
855.0,,75.39834008,,,,75.39641791,6.369320246,2.770627794,-0.1463138837087934,-1,ANOMALIA,,ANOMALIA
801.0,,74.03943042,,,,75.93147772,4.329364364,3.045568282,-0.14907777147165735,-1,ANOMALIA,,ANOMALIA
630.0,,72.61236021,,,,75.78892312,8.562674799,1.858249759,-0.14656826139334056,-1,ANOMALIA,,ANOMALIA
801.0,,86.18530625,,,,77.23727521,6.091457568,1.661922576,-0.14656826139334056,-1,ANOMALIA,,ANOMALIA
548.0,,80.43050619,,,,74.33290677,5.737909033,3.367914295,-0.14133607384187907,-1,ANOMALIA,,ANOMALIA
592.0,,88.37328302,,,,77.33609081,4.610141713,2.394447581,-0.13989387853910062,-1,ANOMALIA,,ANOMALIA
532.0,,69.57553833,,,,76.01706982,8.365104215,2.447521171,-0.14451446102838228,-1,ANOMALIA,,ANOMALIA
502.0,,80.08551663,,,,73.72222433,5.175711872,1.998301759,-0.1397164141606161,-1,ANOMALIA,,ANOMALIA
684.0,,70.25386031,,,,76.47910564,9.008452941,3.046106885,-0.1397164141606161,-1,ANOMALIA,,ANOMALIA
1079.0,,85.46947515,,,,74.66968767,17.28967956,1.954351283,-0.14423629687999606,-1,ANOMALIA,,ANOMALIA
855.0,,74.3888555,,,,74.85706327,5.103394163,1.492319763,-0.14461508244041088,-1,ANOMALIA,,ANOMALIA
567.0,,71.48257432,,,,75.8052704,6.879212665,1.680247512,-0.1445651975157093,-1,ANOMALIA,,ANOMALIA
627.0,,78.00535487,,,,77.14236098,5.32593631,2.992480677,-0.1447584986146958,-1,ANOMALIA,,ANOMALIA
908.0,,81.28123118,,,,74.68074864,4.707693909,1.276052059,-0.1445651975157093,-1,ANOMALIA,,ANOMALIA
507.0,,77.04485448,,,,77.51895487,10.6081726,2.516150951,-0.1436138094770153,-1,ANOMALIA,,ANOMALIA
916.0,,73.31269559,,,,77.14407184,8.021708594,3.45345776,-0.14582164965927158,-1,ANOMALIA,,ANOMALIA
728.0,,71.24365779,,,,75.86830318,8.466802277,1.138977245,-0.14511614014512175,-1,ANOMALIA,,ANOMALIA
700.0,,81.6321865,,,,84.14416293,11.79092738,3.178980794,-0.145473970768773,-1,ANOMALIA,,ANOMALIA
876.0,,82.4457245,,,,77.64093415,16.19386556,2.464503704,-0.14336086796407232,-1,ANOMALIA,,ANOMALIA
520.0,,79.64577667,,,,77.75226574,6.553146911,1.064346764,-0.14241117429140904,-1,ANOMALIA,,ANOMALIA
473.0,,71.77462869,,,,74.12990715,19.51017166,3.727455362,-0.14577343781346774,-1,ANOMALIA,,ANOMALIA
619.0,,87.00022538,,,,78.39698883,15.73887141,2.052251454,-0.14442879149584664,-1,ANOMALIA,,ANOMALIA
1221.0,,75.66981801,,,,76.40115203,6.679230535,2.214250345,-0.14442879149584664,-1,ANOMALIA,,ANOMALIA
716.0,,79.79241081,,,,83.64658857,5.312266428,2.46106708,-0.14442879149584664,-1,ANOMALIA,,ANOMALIA
729.0,,71.67176056,,,,77.9212023,10.19112589,2.362998355,-0.14412991886105642,-1,ANOMALIA,,ANOMALIA
845.0,,70.49602446,,,,76.30162614,3.638269304,3.525604418,-0.14412991886105642,-1,ANOMALIA,,ANOMALIA
824.0,,85.14329731,,,,77.06652006,7.626214049,1.301032069,-0.14412991886105642,-1,ANOMALIA,,ANOMALIA
1230.0,,85.91987186,,,,77.40544243,10.83912838,1.830218693,-0.14425012873664922,-1,ANOMALIA,,ANOMALIA
538.0,,81.18079834,,,,80.18345308,7.694207979,2.083630083,-0.14506063788130508,-1,ANOMALIA,,ANOMALIA
1187.0,,84.96686866,,,,78.10229386,6.890093327,1.833391079,-0.14389294484422188,-1,ANOMALIA,,ANOMALIA
609.0,,75.57779077,,,,77.28064321,10.09296246,2.997150736,-0.14461805547169604,-1,ANOMALIA,,ANOMALIA
606.0,,77.72570657,,,,75.17064423,5.489462544,1.913766899,-0.14551232816645565,-1,ANOMALIA,,ANOMALIA
382.0,,71.62384988,,,,77.00087426,7.77492339,2.727348376,-0.14924396287950736,-1,ANOMALIA,,ANOMALIA
560.0,,70.76525408,,,,77.18277677,11.73054823,1.832205746,-0.15320229718611278,-1,ANOMALIA,,ANOMALIA
767.0,,80.26551481,,,,84.92414335,7.496561998,1.432776233,-0.14924396287950736,-1,ANOMALIA,,ANOMALIA
838.0,,88.78397112,,,,77.25819595,4.159451141,2.141784028,-0.14587036826374022,-1,ANOMALIA,,ANOMALIA
495.0,,73.80702538,,,,77.26403305,7.376275793,3.090756713,-0.1471999095467399,-1,ANOMALIA,,ANOMALIA
1341.0,,78.88448943,,,,76.92653268,6.188480205,1.503297167,-0.14054043410950512,-1,ANOMALIA,,ANOMALIA
